anonym_id,gender,title,discipline,last_published,academia_length,phd_dissertation,finished,research_yes_no,academic_yes_no,consent,attention,lazy_responding,burnout,influence,meaning,opportunities,social_support,workload,general_satisfaction,job_security,open_practice,pay_satisfaction,pub_pressure_attitude,pub_pressure_resource,pub_pressure_stress,qrp_attitude,role_ambiguity,role_conflict,tool_satisfaction,work_life_balance
1,Woman,Full Professor,Non-STEM,This year,More than 10 years,NA,TRUE,TRUE,TRUE,TRUE,Passed,FALSE,6,23,10,13,20,10,12,20,1,11,12,29,11,13,10,14,8,4
3,Man,Associate Professor,"STEM (science, technology, engineering, mathematics)",In the last year,6-10 years,NA,TRUE,TRUE,TRUE,TRUE,Passed,FALSE,16,18,6,11,15,11,14,10,1,4,23,18,20,18,25,26,8,15
7,Woman,Post Doc,Non-STEM,This year,More than 10 years,NA,TRUE,TRUE,TRUE,TRUE,Passed,FALSE,7,25,9,14,18,13,12,15,1,6,21,25,20,17,16,21,12,15
8,Woman,Associate Professor,"STEM (science, technology, engineering, mathematics)",This year,More than 10 years,NA,TRUE,TRUE,TRUE,TRUE,Passed,FALSE,12,21,7,12,22,18,10,10,1,5,24,24,26,20,31,28,6,16
11,Woman,Full Professor,Non-STEM,This year,More than 10 years,NA,TRUE,TRUE,TRUE,TRUE,Passed,FALSE,12,19,6,12,17,17,8,20,0,10,30,22,21,11,13,28,7,20
12,Woman,Associate Professor,Non-STEM,This year,More than 10 years,NA,TRUE,TRUE,TRUE,TRUE,Passed,FALSE,10,29,9,15,20,14,12,20,1,6,15,26,22,13,21,27,9,19
13,Woman,Post Doc,Non-STEM,In the last year,6-10 years,NA,TRUE,TRUE,TRUE,TRUE,Passed,FALSE,13,23,6,13,19,16,6,10,1,12,28,20,22,18,32,36,12,9
14,Man,PhD student,"STEM (science, technology, engineering, mathematics)",This year,1-5 years,3-4 articles,TRUE,TRUE,TRUE,TRUE,Passed,FALSE,9,28,10,15,22,13,14,20,1,4,22,29,16,8,7,19,2,6
15,Man,Associate Professor,"STEM (science, technology, engineering, mathematics)",This year,More than 10 years,NA,TRUE,TRUE,TRUE,TRUE,Passed,FALSE,8,16,7,11,16,16,4,15,1,10,20,22,16,16,22,32,4,18
16,Man,PhD student,"STEM (science, technology, engineering, mathematics)",In the last year,1-5 years,1-2 articles,TRUE,TRUE,TRUE,TRUE,Passed,FALSE,8,14,4,9,21,14,8,12,1,7,25,19,20,25,23,23,10,14
17,Woman,PhD student,"STEM (science, technology, engineering, mathematics)",This year,6-10 years,3-4 articles,TRUE,TRUE,TRUE,TRUE,Passed,FALSE,9,19,7,15,22,10,8,4,1,7,15,23,15,21,12,18,14,7
19,Woman,Post Doc,Non-STEM,This year,6-10 years,NA,TRUE,TRUE,TRUE,TRUE,Passed,FALSE,9,26,7,12,26,14,10,10,1,12,24,27,14,12,13,28,12,5
20,Woman,Post Doc,Non-STEM,This year,6-10 years,NA,TRUE,TRUE,TRUE,TRUE,Passed,FALSE,8,20,6,10,18,11,8,13,1,9,19,24,14,18,14,16,10,13
21,Woman,PhD student,"STEM (science, technology, engineering, mathematics)",This year,1-5 years,1-2 articles,TRUE,TRUE,TRUE,TRUE,Passed,FALSE,10,22,8,15,28,10,12,16,1,12,12,24,14,13,10,16,12,9
22,Man,Associate Professor,"STEM (science, technology, engineering, mathematics)",This year,More than 10 years,NA,TRUE,TRUE,TRUE,TRUE,Passed,FALSE,8,25,9,12,21,12,6,17,1,12,19,19,20,19,16,21,8,9
23,Woman,Associate Professor,Non-STEM,This year,More than 10 years,NA,TRUE,TRUE,TRUE,TRUE,Passed,FALSE,11,24,8,12,21,12,8,20,0,12,24,24,19,20,10,16,6,16
24,Man,Assistant Professor,"STEM (science, technology, engineering, mathematics)",This year,6-10 years,NA,TRUE,TRUE,TRUE,TRUE,Passed,FALSE,11,29,10,10,23,13,5,9,1,10,16,25,9,10,22,24,3,11
25,Woman,PhD student,"STEM (science, technology, engineering, mathematics)",This year,1-5 years,More than 4 articles,TRUE,TRUE,TRUE,TRUE,Passed,FALSE,13,13,8,13,25,15,12,12,1,7,21,20,22,18,33,18,11,19
26,Woman,Associate Professor,"STEM (science, technology, engineering, mathematics)",In the last year,More than 10 years,NA,TRUE,TRUE,TRUE,TRUE,Passed,FALSE,8,27,8,12,21,10,11,16,1,10,20,28,15,20,25,20,12,10
27,Woman,Associate Professor,Non-STEM,This year,6-10 years,NA,TRUE,TRUE,TRUE,TRUE,Passed,FALSE,7,22,10,10,27,11,10,20,0,12,19,26,16,18,12,32,10,7
28,Woman,Post Doc,Non-STEM,This year,1-5 years,NA,TRUE,TRUE,TRUE,TRUE,Passed,FALSE,8,22,10,10,21,10,12,19,1,6,17,24,15,8,14,24,12,8
29,Man,Associate Professor,"STEM (science, technology, engineering, mathematics)",In the last year,More than 10 years,NA,TRUE,TRUE,TRUE,TRUE,Passed,FALSE,10,26,7,12,16,10,9,20,1,10,24,21,14,16,14,13,12,14
30,Woman,Associate Professor,Non-STEM,This year,More than 10 years,NA,TRUE,TRUE,TRUE,TRUE,Passed,FALSE,13,17,6,7,9,18,3,15,0,7,21,17,27,21,26,31,4,16
31,Woman,Assistant Professor,Non-STEM,This year,More than 10 years,NA,TRUE,TRUE,TRUE,TRUE,Passed,FALSE,16,18,4,12,18,16,2,10,1,2,27,19,27,8,25,27,10,15
33,Man,PhD student,"STEM (science, technology, engineering, mathematics)",This year,1-5 years,1-2 articles,TRUE,TRUE,TRUE,TRUE,Passed,FALSE,10,23,6,13,25,13,9,12,1,10,20,24,14,19,20,15,8,7
34,Man,Full Professor,"STEM (science, technology, engineering, mathematics)",This year,More than 10 years,NA,TRUE,TRUE,TRUE,TRUE,Passed,FALSE,7,23,8,13,18,8,13,19,1,14,13,28,8,10,14,28,11,8
35,Woman,Associate Professor,Non-STEM,In the last year,More than 10 years,NA,TRUE,TRUE,TRUE,TRUE,Passed,FALSE,10,21,8,10,21,14,10,15,1,10,23,21,16,22,20,34,6,8
36,Man,Full Professor,"STEM (science, technology, engineering, mathematics)",This year,More than 10 years,NA,TRUE,TRUE,TRUE,TRUE,Passed,FALSE,13,24,10,15,17,15,10,12,1,4,22,27,21,16,26,27,4,20
37,Woman,Post Doc,"STEM (science, technology, engineering, mathematics)",This year,1-5 years,NA,TRUE,TRUE,TRUE,TRUE,Passed,FALSE,11,30,10,12,30,11,6,4,1,2,11,29,13,8,14,18,6,4
38,Woman,Full Professor,"STEM (science, technology, engineering, mathematics)",This year,More than 10 years,NA,TRUE,TRUE,TRUE,TRUE,Passed,FALSE,11,18,6,11,18,11,9,15,1,6,18,23,14,23,24,24,2,12
39,Woman,This does not apply to me,"STEM (science, technology, engineering, mathematics)",This year,More than 10 years,NA,TRUE,TRUE,TRUE,TRUE,Passed,FALSE,12,15,3,10,16,15,8,15,1,2,28,21,20,14,32,30,8,14
40,Woman,Assistant Professor,Non-STEM,In the last year,6-10 years,NA,TRUE,TRUE,TRUE,TRUE,Passed,FALSE,8,20,10,15,26,8,10,18,1,6,19,30,15,21,14,22,8,16
41,Man,Full Professor,Non-STEM,This year,More than 10 years,NA,TRUE,TRUE,TRUE,TRUE,Passed,FALSE,10,22,8,12,21,16,10,16,1,14,17,20,18,13,27,28,7,10
42,Man,PhD student,"STEM (science, technology, engineering, mathematics)",In the last year,1-5 years,1-2 articles,TRUE,TRUE,TRUE,TRUE,Passed,FALSE,7,26,6,12,25,7,12,11,1,10,19,30,8,11,9,7,12,8
43,Woman,Associate Professor,Non-STEM,This year,More than 10 years,NA,TRUE,TRUE,TRUE,TRUE,Passed,FALSE,12,28,8,15,10,15,12,20,1,12,19,22,14,8,9,22,11,16
44,Man,Full Professor,Non-STEM,This year,More than 10 years,NA,TRUE,TRUE,TRUE,TRUE,Passed,FALSE,8,25,8,13,20,15,13,19,1,12,19,22,16,15,13,27,11,9
46,Man,Full Professor,"STEM (science, technology, engineering, mathematics)",This year,More than 10 years,NA,TRUE,TRUE,TRUE,TRUE,Passed,FALSE,7,28,8,10,10,12,12,20,1,6,17,25,12,14,19,24,4,8
47,Man,Associate Professor,Non-STEM,This year,More than 10 years,NA,TRUE,TRUE,TRUE,TRUE,Passed,FALSE,13,17,5,13,18,18,4,12,1,7,27,12,25,14,26,35,6,16
48,Man,Full Professor,Non-STEM,In the last year,More than 10 years,NA,TRUE,TRUE,TRUE,TRUE,Passed,FALSE,7,27,7,11,11,9,10,14,1,11,20,25,16,21,34,16,6,7
49,Man,Associate Professor,"STEM (science, technology, engineering, mathematics)",This year,More than 10 years,NA,TRUE,TRUE,TRUE,TRUE,Passed,FALSE,11,27,7,12,27,10,10,20,1,10,26,28,7,9,19,27,12,8
50,Woman,PhD student,Non-STEM,This year,1-5 years,1-2 articles,TRUE,TRUE,TRUE,TRUE,Passed,FALSE,13,15,8,10,17,20,10,12,0,10,19,16,23,13,34,32,8,20
51,Man,PhD student,Non-STEM,This year,1-5 years,I don't know/ This does not apply to me/ 0 articles,TRUE,TRUE,TRUE,TRUE,Passed,FALSE,15,21,6,14,16,13,6,5,1,3,19,25,21,23,15,15,7,20
52,Woman,Full Professor,Non-STEM,This year,More than 10 years,NA,TRUE,TRUE,TRUE,TRUE,Passed,FALSE,10,24,8,13,27,15,10,20,1,14,21,26,11,10,11,28,12,11
53,Woman,Assistant Professor,"STEM (science, technology, engineering, mathematics)",This year,6-10 years,NA,TRUE,TRUE,TRUE,TRUE,Passed,FALSE,15,15,6,13,21,17,7,11,1,2,29,20,26,17,23,35,3,20
54,Man,Full Professor,Non-STEM,This year,More than 10 years,NA,TRUE,TRUE,TRUE,TRUE,Passed,FALSE,14,23,6,10,18,14,8,17,1,12,21,23,20,19,11,27,10,17
55,Woman,PhD student,"STEM (science, technology, engineering, mathematics)",In the last year,1-5 years,1-2 articles,TRUE,TRUE,TRUE,TRUE,Passed,FALSE,12,17,6,12,24,17,10,9,1,3,18,20,27,13,15,26,10,16
56,Man,Full Professor,"STEM (science, technology, engineering, mathematics)",This year,More than 10 years,NA,TRUE,TRUE,TRUE,TRUE,Passed,FALSE,12,19,8,12,19,15,12,16,0,12,28,20,26,11,29,37,4,7
57,Woman,Full Professor,Non-STEM,This year,More than 10 years,NA,TRUE,TRUE,TRUE,TRUE,Passed,FALSE,12,23,8,12,25,17,11,20,1,14,21,21,20,10,15,24,11,16
58,Woman,PhD student,Non-STEM,This year,1-5 years,1-2 articles,TRUE,TRUE,TRUE,TRUE,Passed,FALSE,13,23,7,15,17,11,6,11,1,4,21,19,18,18,32,26,6,13
59,Prefer not to say,PhD student,Non-STEM,In the last year,6-10 years,More than 4 articles,TRUE,TRUE,TRUE,TRUE,Passed,FALSE,15,17,8,12,19,13,8,4,1,4,21,19,25,16,13,28,7,19
61,Woman,Associate Professor,"STEM (science, technology, engineering, mathematics)",This year,More than 10 years,NA,TRUE,TRUE,TRUE,TRUE,Passed,FALSE,9,26,8,12,27,10,13,7,0,12,21,28,14,25,12,19,12,4
62,Man,Post Doc,"STEM (science, technology, engineering, mathematics)",This year,6-10 years,NA,TRUE,TRUE,TRUE,TRUE,Passed,FALSE,10,29,6,14,28,11,6,10,1,8,22,23,11,19,10,25,9,7
63,Woman,Full Professor,"STEM (science, technology, engineering, mathematics)",This year,More than 10 years,NA,TRUE,TRUE,TRUE,TRUE,Passed,FALSE,11,21,7,12,14,14,12,14,1,9,20,23,21,18,25,31,11,16
64,Man,Associate Professor,Non-STEM,In the last 10 years,6-10 years,NA,TRUE,TRUE,TRUE,TRUE,Passed,FALSE,10,21,7,11,19,11,5,13,1,4,13,16,20,23,23,24,2,12
65,Woman,Post Doc,Non-STEM,In the last year,6-10 years,NA,TRUE,TRUE,TRUE,TRUE,Passed,FALSE,11,20,7,12,18,20,5,7,1,14,24,18,24,20,41,25,8,16
66,Woman,PhD student,"STEM (science, technology, engineering, mathematics)",This year,1-5 years,1-2 articles,TRUE,TRUE,TRUE,TRUE,Passed,FALSE,8,24,6,15,30,8,6,16,0,10,19,25,10,21,18,23,11,4
67,Woman,PhD student,Non-STEM,This year,1-5 years,3-4 articles,TRUE,TRUE,TRUE,TRUE,Passed,FALSE,9,21,8,12,25,12,11,16,1,6,20,24,22,14,20,22,7,17
68,Man,Post Doc,"STEM (science, technology, engineering, mathematics)",This year,More than 10 years,NA,TRUE,TRUE,TRUE,TRUE,Passed,FALSE,8,27,9,14,16,9,11,20,0,10,24,29,14,12,11,18,11,4
69,Man,Full Professor,"STEM (science, technology, engineering, mathematics)",This year,More than 10 years,NA,TRUE,TRUE,TRUE,TRUE,Passed,FALSE,11,23,8,12,18,8,9,20,0,12,23,23,13,10,18,18,4,13
70,Woman,PhD student,"STEM (science, technology, engineering, mathematics)",In the last year,1-5 years,3-4 articles,TRUE,TRUE,TRUE,TRUE,Passed,FALSE,10,14,6,7,26,14,6,13,0,6,26,16,16,18,19,16,11,10
72,Woman,Assistant Professor,"STEM (science, technology, engineering, mathematics)",This year,More than 10 years,NA,TRUE,TRUE,TRUE,TRUE,Passed,FALSE,12,23,7,12,17,16,7,14,1,12,21,21,23,22,18,30,9,15
74,Woman,Full Professor,Non-STEM,This year,More than 10 years,NA,TRUE,TRUE,TRUE,TRUE,Passed,FALSE,4,28,10,13,26,8,14,20,1,12,17,27,8,10,7,9,12,4
75,Man,Associate Professor,Non-STEM,This year,More than 10 years,NA,TRUE,TRUE,TRUE,TRUE,Passed,FALSE,6,27,10,15,20,9,11,20,1,12,19,30,9,8,6,26,5,11
78,Man,Full Professor,Non-STEM,This year,More than 10 years,NA,TRUE,TRUE,TRUE,TRUE,Passed,FALSE,8,17,8,14,19,18,7,6,1,8,26,20,25,8,32,32,7,19
79,Man,Full Professor,Non-STEM,In the last year,More than 10 years,NA,TRUE,TRUE,TRUE,TRUE,Passed,FALSE,9,29,8,15,23,9,12,20,1,12,24,30,9,13,12,26,10,17
80,Man,This does not apply to me,Non-STEM,This year,6-10 years,NA,TRUE,TRUE,TRUE,TRUE,Passed,FALSE,7,20,8,12,19,13,10,13,1,10,25,21,17,13,20,27,8,7
81,Man,PhD student,Non-STEM,This year,1-5 years,3-4 articles,TRUE,TRUE,TRUE,TRUE,Passed,FALSE,9,26,7,12,30,14,5,11,1,8,25,26,18,9,30,22,8,6
86,Woman,Assistant Professor,Non-STEM,This year,6-10 years,NA,TRUE,TRUE,TRUE,TRUE,Passed,FALSE,14,29,10,12,21,9,10,16,0,10,22,21,19,29,19,29,6,19
87,Woman,Associate Professor,"STEM (science, technology, engineering, mathematics)",This year,More than 10 years,NA,TRUE,TRUE,TRUE,TRUE,Passed,FALSE,8,23,8,10,20,8,8,16,1,12,17,24,12,10,10,11,8,8
88,Woman,Assistant Professor,Non-STEM,This year,6-10 years,NA,TRUE,TRUE,TRUE,TRUE,Passed,FALSE,6,26,8,14,27,20,10,10,1,3,14,29,19,8,29,22,8,19
89,Man,PhD student,Non-STEM,This year,1-5 years,3-4 articles,TRUE,TRUE,TRUE,TRUE,Passed,FALSE,12,22,8,13,28,15,12,14,1,10,27,21,17,9,26,22,10,14
90,Woman,Assistant Professor,"STEM (science, technology, engineering, mathematics)",In the last year,6-10 years,NA,TRUE,TRUE,TRUE,TRUE,Passed,FALSE,14,27,6,14,27,15,10,16,1,14,27,26,17,11,21,25,6,8
91,Man,Full Professor,"STEM (science, technology, engineering, mathematics)",This year,More than 10 years,NA,TRUE,TRUE,TRUE,TRUE,Passed,FALSE,8,26,10,15,20,17,10,20,1,14,23,26,17,12,37,27,4,13
92,Man,Post Doc,"STEM (science, technology, engineering, mathematics)",This year,More than 10 years,NA,TRUE,TRUE,TRUE,TRUE,Passed,FALSE,6,29,10,15,28,8,10,11,1,4,21,28,12,16,12,12,6,8
93,Man,Associate Professor,"STEM (science, technology, engineering, mathematics)",This year,More than 10 years,NA,TRUE,TRUE,TRUE,TRUE,Passed,FALSE,12,28,8,12,26,12,11,20,1,7,21,28,17,13,24,32,11,8
94,Man,Post Doc,Non-STEM,This year,1-5 years,NA,TRUE,TRUE,TRUE,TRUE,Passed,FALSE,9,25,8,15,29,9,10,20,1,12,10,27,12,11,13,24,12,6
95,Man,Associate Professor,Non-STEM,In the last year,More than 10 years,NA,TRUE,TRUE,TRUE,TRUE,Passed,FALSE,6,26,10,15,25,16,12,17,1,8,26,28,13,17,11,29,11,5
97,Woman,Associate Professor,"STEM (science, technology, engineering, mathematics)",This year,More than 10 years,NA,TRUE,TRUE,TRUE,TRUE,Passed,FALSE,9,25,8,15,23,10,11,20,1,6,15,25,14,9,7,27,12,16
98,Woman,Full Professor,"STEM (science, technology, engineering, mathematics)",In the last year,1-5 years,NA,TRUE,TRUE,TRUE,TRUE,Passed,FALSE,11,22,6,12,18,9,6,19,1,11,19,20,15,17,12,22,8,8
99,Woman,Associate Professor,Non-STEM,In the last year,More than 10 years,NA,TRUE,TRUE,TRUE,TRUE,Passed,FALSE,9,27,10,15,25,17,14,17,0,12,9,30,19,20,29,31,14,15
100,Woman,Post Doc,"STEM (science, technology, engineering, mathematics)",This year,1-5 years,NA,TRUE,TRUE,TRUE,TRUE,Passed,FALSE,10,19,9,13,17,11,12,14,1,8,24,22,12,9,20,16,9,8
101,Woman,PhD student,Non-STEM,This year,1-5 years,I don't know/ This does not apply to me/ 0 articles,TRUE,TRUE,TRUE,TRUE,Passed,FALSE,9,25,7,15,24,7,10,20,1,6,23,28,11,18,17,33,11,4
102,Woman,Full Professor,"STEM (science, technology, engineering, mathematics)",In the last year,More than 10 years,NA,TRUE,TRUE,TRUE,TRUE,Passed,FALSE,15,24,7,15,19,18,12,20,1,10,21,28,24,14,26,30,6,18
103,Woman,Assistant Professor,"STEM (science, technology, engineering, mathematics)",This year,More than 10 years,NA,TRUE,TRUE,TRUE,TRUE,Passed,FALSE,8,27,10,12,23,18,12,20,1,13,20,30,16,14,7,27,9,16
104,Woman,Full Professor,"STEM (science, technology, engineering, mathematics)",In the last year,More than 10 years,NA,TRUE,TRUE,TRUE,TRUE,Passed,FALSE,9,20,8,14,19,17,9,14,1,14,22,30,16,14,10,25,7,10
105,Woman,Full Professor,"STEM (science, technology, engineering, mathematics)",This year,More than 10 years,NA,TRUE,TRUE,TRUE,TRUE,Passed,FALSE,10,25,7,13,17,12,6,16,1,14,12,25,18,19,12,26,11,14
106,Woman,Associate Professor,"STEM (science, technology, engineering, mathematics)",This year,More than 10 years,NA,TRUE,TRUE,TRUE,TRUE,Passed,FALSE,6,28,10,13,29,16,14,20,0,6,23,24,16,16,14,29,8,11
108,Man,This does not apply to me,"STEM (science, technology, engineering, mathematics)",This year,More than 10 years,NA,TRUE,TRUE,TRUE,TRUE,Passed,FALSE,11,23,10,12,24,10,14,16,1,5,25,25,16,18,27,28,10,8
109,Man,Full Professor,"STEM (science, technology, engineering, mathematics)",This year,More than 10 years,NA,TRUE,TRUE,TRUE,TRUE,Passed,FALSE,11,28,10,15,20,16,14,16,1,12,24,25,27,14,28,32,12,13
110,Woman,Assistant Professor,"STEM (science, technology, engineering, mathematics)",This year,More than 10 years,NA,TRUE,TRUE,TRUE,TRUE,Passed,FALSE,11,26,9,15,24,11,12,18,1,8,11,28,18,16,9,16,12,8
111,Woman,Associate Professor,"STEM (science, technology, engineering, mathematics)",This year,More than 10 years,NA,TRUE,TRUE,TRUE,TRUE,Passed,FALSE,11,25,8,12,20,16,10,20,1,11,19,28,17,15,19,34,11,12
112,Woman,Post Doc,Non-STEM,This year,6-10 years,NA,TRUE,TRUE,TRUE,TRUE,Passed,FALSE,18,12,7,6,16,19,10,13,1,2,29,12,25,9,33,29,2,20
113,Man,Assistant Professor,Non-STEM,This year,More than 10 years,NA,TRUE,TRUE,TRUE,TRUE,Passed,FALSE,16,19,8,12,16,13,10,11,1,6,26,23,22,17,15,19,10,15
114,Woman,Assistant Professor,"STEM (science, technology, engineering, mathematics)",In the last year,6-10 years,NA,TRUE,TRUE,TRUE,TRUE,Passed,FALSE,11,23,8,9,25,13,4,10,1,2,14,27,20,25,13,23,4,9
115,Woman,Associate Professor,Non-STEM,This year,More than 10 years,NA,TRUE,TRUE,TRUE,TRUE,Passed,FALSE,13,22,8,10,14,15,10,18,1,10,25,19,16,15,20,27,11,11
116,Woman,Post Doc,"STEM (science, technology, engineering, mathematics)",In the last year,6-10 years,NA,TRUE,TRUE,TRUE,TRUE,Passed,FALSE,11,26,8,13,25,11,10,10,1,6,23,17,20,15,13,21,13,10
117,Non-binary / third gender,Assistant Professor,"STEM (science, technology, engineering, mathematics)",This year,More than 10 years,NA,TRUE,TRUE,TRUE,TRUE,Passed,FALSE,14,20,6,7,18,17,10,14,1,12,25,24,26,13,12,32,12,16
118,Woman,Assistant Professor,"STEM (science, technology, engineering, mathematics)",This year,6-10 years,NA,TRUE,TRUE,TRUE,TRUE,Passed,FALSE,9,23,8,15,20,11,8,15,1,10,19,27,14,22,19,38,8,12
119,Woman,PhD student,"STEM (science, technology, engineering, mathematics)",This year,1-5 years,More than 4 articles,TRUE,TRUE,TRUE,TRUE,Passed,FALSE,10,24,8,12,20,11,8,16,1,2,22,23,12,8,24,24,8,12
120,Man,Assistant Professor,"STEM (science, technology, engineering, mathematics)",This year,More than 10 years,NA,TRUE,TRUE,TRUE,TRUE,Passed,FALSE,10,22,6,11,23,10,6,13,1,3,27,24,17,8,23,19,4,11
121,Man,Full Professor,"STEM (science, technology, engineering, mathematics)",This year,More than 10 years,NA,TRUE,TRUE,TRUE,TRUE,Passed,FALSE,12,30,9,15,21,16,12,20,1,14,28,24,18,9,37,42,4,20
122,Woman,Full Professor,Non-STEM,This year,More than 10 years,NA,TRUE,TRUE,TRUE,TRUE,Passed,FALSE,8,27,8,14,20,11,6,16,1,12,20,28,18,13,9,33,11,8
123,Woman,Full Professor,"STEM (science, technology, engineering, mathematics)",This year,More than 10 years,NA,TRUE,TRUE,TRUE,TRUE,Passed,FALSE,10,27,8,15,17,14,6,20,1,14,26,25,22,11,10,24,12,15
124,Man,Full Professor,Non-STEM,This year,More than 10 years,NA,TRUE,TRUE,TRUE,TRUE,Passed,FALSE,12,30,8,15,24,16,12,20,0,12,18,27,15,29,16,30,12,5
125,Man,Assistant Professor,"STEM (science, technology, engineering, mathematics)",This year,More than 10 years,NA,TRUE,TRUE,TRUE,TRUE,Passed,FALSE,11,19,8,15,20,17,8,15,1,12,20,24,24,23,33,31,10,20
126,Man,Assistant Professor,"STEM (science, technology, engineering, mathematics)",In the last year,More than 10 years,NA,TRUE,TRUE,TRUE,TRUE,Passed,FALSE,11,21,7,13,24,15,6,4,0,9,25,21,21,15,21,33,6,15
127,Woman,Assistant Professor,"STEM (science, technology, engineering, mathematics)",This year,More than 10 years,NA,TRUE,TRUE,TRUE,TRUE,Passed,FALSE,16,17,7,8,15,16,10,7,1,3,26,20,24,17,31,26,7,16
128,Man,Full Professor,"STEM (science, technology, engineering, mathematics)",This year,More than 10 years,NA,TRUE,TRUE,TRUE,TRUE,Passed,FALSE,10,19,8,10,17,13,12,12,1,12,17,28,14,17,26,31,10,8
129,Man,Assistant Professor,"STEM (science, technology, engineering, mathematics)",This year,More than 10 years,NA,TRUE,TRUE,TRUE,TRUE,Passed,FALSE,10,29,10,14,22,7,12,20,1,4,17,27,13,11,8,21,13,7
130,Man,Associate Professor,"STEM (science, technology, engineering, mathematics)",In the last 5 years,More than 10 years,NA,TRUE,TRUE,TRUE,TRUE,Passed,FALSE,16,17,6,9,11,14,8,13,1,6,21,24,24,21,27,33,9,16
131,Woman,Full Professor,"STEM (science, technology, engineering, mathematics)",This year,More than 10 years,NA,TRUE,TRUE,TRUE,TRUE,Passed,FALSE,7,27,8,11,25,9,12,20,1,12,16,29,8,11,14,24,9,4
132,Man,PhD student,"STEM (science, technology, engineering, mathematics)",In the last year,1-5 years,3-4 articles,TRUE,TRUE,TRUE,TRUE,Passed,FALSE,13,19,6,12,24,12,10,10,1,12,21,25,23,10,23,28,13,12
133,Woman,Assistant Professor,"STEM (science, technology, engineering, mathematics)",This year,More than 10 years,NA,TRUE,TRUE,TRUE,TRUE,Passed,FALSE,12,25,10,15,23,14,14,16,1,10,20,23,21,14,12,25,12,12
134,Man,This does not apply to me,"STEM (science, technology, engineering, mathematics)",This year,6-10 years,NA,TRUE,TRUE,TRUE,TRUE,Passed,FALSE,11,20,6,12,19,10,8,14,1,12,22,23,16,20,13,19,10,6
135,Man,Post Doc,Non-STEM,In the last year,More than 10 years,NA,TRUE,TRUE,TRUE,TRUE,Passed,FALSE,7,24,9,15,23,13,11,20,1,12,22,24,17,16,15,25,10,14
137,Woman,This does not apply to me,Non-STEM,In the last year,More than 10 years,NA,TRUE,TRUE,TRUE,TRUE,Passed,FALSE,13,19,9,10,16,13,11,11,0,5,18,26,22,9,14,21,7,13
138,Woman,Associate Professor,"STEM (science, technology, engineering, mathematics)",In the last year,More than 10 years,NA,TRUE,TRUE,TRUE,TRUE,Passed,FALSE,11,22,8,15,18,16,11,20,0,6,23,26,23,16,24,32,6,13
139,Woman,Assistant Professor,"STEM (science, technology, engineering, mathematics)",This year,More than 10 years,NA,TRUE,TRUE,TRUE,TRUE,Passed,FALSE,12,24,5,12,27,12,4,16,1,10,16,29,19,15,9,38,10,9
140,Woman,PhD student,"STEM (science, technology, engineering, mathematics)",In the last year,1-5 years,I don't know/ This does not apply to me/ 0 articles,TRUE,TRUE,TRUE,TRUE,Passed,FALSE,14,19,10,11,18,11,12,10,1,4,28,20,20,14,37,29,2,10
141,Woman,Assistant Professor,"STEM (science, technology, engineering, mathematics)",In the last year,6-10 years,NA,TRUE,TRUE,TRUE,TRUE,Passed,FALSE,11,30,8,15,24,14,6,16,1,6,23,24,14,11,15,29,7,8
142,Man,Post Doc,"STEM (science, technology, engineering, mathematics)",This year,More than 10 years,NA,TRUE,TRUE,TRUE,TRUE,Passed,FALSE,11,20,7,11,18,15,12,10,1,3,16,18,18,26,21,30,10,18
143,Woman,Associate Professor,"STEM (science, technology, engineering, mathematics)",In the last year,More than 10 years,NA,TRUE,TRUE,TRUE,TRUE,Passed,FALSE,12,20,5,11,18,14,8,20,1,12,22,21,15,11,21,30,8,12
144,Man,Full Professor,"STEM (science, technology, engineering, mathematics)",This year,More than 10 years,NA,TRUE,TRUE,TRUE,TRUE,Passed,FALSE,14,25,7,15,16,20,6,20,0,12,23,25,20,17,27,28,7,19
145,Woman,PhD student,Non-STEM,This year,1-5 years,1-2 articles,TRUE,TRUE,TRUE,TRUE,Passed,FALSE,12,18,6,12,18,14,9,12,1,2,22,20,26,10,23,30,2,20
146,Woman,Assistant Professor,Non-STEM,This year,More than 10 years,NA,TRUE,TRUE,TRUE,TRUE,Passed,FALSE,13,18,10,13,24,16,6,6,1,8,18,23,23,25,31,31,6,8
148,Man,Assistant Professor,Non-STEM,In the last year,More than 10 years,NA,TRUE,TRUE,TRUE,TRUE,Passed,FALSE,10,23,7,12,18,11,8,16,1,4,24,21,23,17,13,22,4,12
149,Man,Full Professor,Non-STEM,This year,More than 10 years,NA,TRUE,TRUE,TRUE,TRUE,Passed,FALSE,6,30,10,11,26,15,10,20,1,14,14,30,11,17,8,23,10,13
150,Man,Post Doc,"STEM (science, technology, engineering, mathematics)",This year,1-5 years,NA,TRUE,TRUE,TRUE,TRUE,Passed,FALSE,12,27,8,15,29,18,9,20,1,12,26,21,26,16,13,25,5,16
153,Man,Full Professor,"STEM (science, technology, engineering, mathematics)",This year,More than 10 years,NA,TRUE,TRUE,TRUE,TRUE,Passed,FALSE,12,25,8,15,17,14,12,20,1,12,25,21,18,25,32,34,4,11
155,Woman,PhD student,Non-STEM,This year,6-10 years,3-4 articles,TRUE,TRUE,TRUE,TRUE,Passed,FALSE,9,21,4,15,20,15,4,17,0,10,21,24,17,9,32,28,10,10
156,Man,Associate Professor,"STEM (science, technology, engineering, mathematics)",This year,More than 10 years,NA,TRUE,TRUE,TRUE,TRUE,Passed,FALSE,14,19,5,8,15,16,6,13,1,12,27,21,23,23,27,25,7,16
159,Non-binary / third gender,Post Doc,"STEM (science, technology, engineering, mathematics)",This year,1-5 years,NA,TRUE,TRUE,TRUE,TRUE,Passed,FALSE,20,12,2,5,6,12,2,4,1,14,30,14,26,9,30,42,8,20
160,Man,Assistant Professor,Non-STEM,This year,More than 10 years,NA,TRUE,TRUE,TRUE,TRUE,Passed,FALSE,10,22,5,12,15,19,4,9,1,4,20,22,22,12,23,35,7,20
161,Man,Full Professor,Non-STEM,This year,More than 10 years,NA,TRUE,TRUE,TRUE,TRUE,Passed,FALSE,14,27,8,14,24,13,11,14,1,4,19,26,13,9,15,30,8,11
163,Woman,PhD student,"STEM (science, technology, engineering, mathematics)",This year,1-5 years,3-4 articles,TRUE,TRUE,TRUE,TRUE,Passed,FALSE,13,17,6,12,15,14,4,12,1,10,29,18,24,8,21,34,5,20
164,Woman,Associate Professor,Non-STEM,This year,More than 10 years,NA,TRUE,TRUE,TRUE,TRUE,Passed,FALSE,10,20,10,14,16,13,9,17,1,8,21,20,21,11,18,23,12,16
165,Man,Assistant Professor,Non-STEM,This year,More than 10 years,NA,TRUE,TRUE,TRUE,TRUE,Passed,FALSE,12,20,8,10,22,16,11,15,1,4,23,26,26,13,15,24,6,16
166,Man,Full Professor,Non-STEM,In the last year,More than 10 years,NA,TRUE,TRUE,TRUE,TRUE,Passed,FALSE,8,21,7,15,24,12,12,20,1,12,22,29,10,9,27,20,12,4
167,Man,Full Professor,Non-STEM,This year,More than 10 years,NA,TRUE,TRUE,TRUE,TRUE,Passed,FALSE,10,21,6,12,19,16,10,15,1,13,18,22,17,16,28,33,11,7
168,Woman,Post Doc,Non-STEM,This year,More than 10 years,NA,TRUE,TRUE,TRUE,TRUE,Passed,FALSE,12,21,8,10,21,9,10,18,1,8,28,20,18,18,12,18,7,5
169,Woman,Assistant Professor,Non-STEM,This year,More than 10 years,NA,TRUE,TRUE,TRUE,TRUE,Passed,FALSE,12,22,8,11,13,12,10,18,1,4,25,24,21,10,22,27,4,13
170,Woman,Post Doc,"STEM (science, technology, engineering, mathematics)",This year,6-10 years,NA,TRUE,TRUE,TRUE,TRUE,Passed,FALSE,10,17,8,14,20,19,12,16,1,10,27,18,18,13,13,9,10,18
171,Woman,Full Professor,Non-STEM,In the last year,More than 10 years,NA,TRUE,TRUE,TRUE,TRUE,Passed,FALSE,7,25,9,15,22,10,10,13,1,14,12,23,14,9,15,34,8,4
172,Woman,Post Doc,Non-STEM,In the last year,6-10 years,NA,TRUE,TRUE,TRUE,TRUE,Passed,FALSE,9,25,5,12,25,9,8,9,1,10,28,24,13,12,10,15,12,5
174,Woman,Assistant Professor,Non-STEM,In the last year,6-10 years,NA,TRUE,TRUE,TRUE,TRUE,Passed,FALSE,15,17,7,11,23,20,7,13,1,4,25,23,29,15,23,38,3,20
175,Woman,PhD student,Non-STEM,This year,1-5 years,3-4 articles,TRUE,TRUE,TRUE,TRUE,Passed,FALSE,13,16,6,12,23,12,8,4,1,10,24,20,21,9,20,30,9,12
176,Woman,PhD student,Non-STEM,This year,1-5 years,1-2 articles,TRUE,TRUE,TRUE,TRUE,Passed,FALSE,12,23,8,12,26,13,10,7,1,6,25,26,15,11,27,12,9,11
177,Man,PhD student,Non-STEM,In the last 5 years,1-5 years,3-4 articles,TRUE,TRUE,TRUE,TRUE,Passed,FALSE,17,24,7,9,17,13,7,11,1,12,20,19,20,28,27,24,9,9
178,Woman,This does not apply to me,"STEM (science, technology, engineering, mathematics)",In the last 5 years,Less than 1 year,NA,TRUE,TRUE,TRUE,TRUE,Passed,FALSE,20,8,2,5,8,16,2,13,1,8,23,16,20,9,33,26,4,9
180,Woman,Full Professor,"STEM (science, technology, engineering, mathematics)",This year,More than 10 years,NA,TRUE,TRUE,TRUE,TRUE,Passed,FALSE,13,22,8,8,11,14,12,20,1,4,25,20,23,9,24,30,6,15
181,Man,Post Doc,Non-STEM,In the last year,More than 10 years,NA,TRUE,TRUE,TRUE,TRUE,Passed,FALSE,14,23,6,13,20,16,6,8,1,11,23,20,23,14,39,31,5,16
182,Man,Full Professor,"STEM (science, technology, engineering, mathematics)",This year,More than 10 years,NA,TRUE,TRUE,TRUE,TRUE,Passed,FALSE,4,30,7,12,29,8,6,20,0,2,17,29,7,9,9,13,10,4
183,Woman,PhD student,Non-STEM,This year,1-5 years,3-4 articles,TRUE,TRUE,TRUE,TRUE,Passed,FALSE,8,24,8,12,19,9,10,10,1,12,19,24,12,15,25,22,12,4
184,Woman,Post Doc,Non-STEM,This year,More than 10 years,NA,TRUE,TRUE,TRUE,TRUE,Passed,FALSE,10,22,9,14,22,14,7,16,1,7,17,22,22,20,34,28,9,16
186,Woman,Associate Professor,"STEM (science, technology, engineering, mathematics)",This year,More than 10 years,NA,TRUE,TRUE,TRUE,TRUE,Passed,FALSE,13,22,8,8,10,10,11,15,0,10,23,23,21,17,27,25,9,16
187,Woman,Post Doc,"STEM (science, technology, engineering, mathematics)",In the last 5 years,6-10 years,NA,TRUE,TRUE,TRUE,TRUE,Passed,FALSE,6,22,10,13,25,11,10,19,1,12,13,27,12,14,10,12,10,5
189,Woman,This does not apply to me,Non-STEM,This year,1-5 years,NA,TRUE,TRUE,TRUE,TRUE,Passed,FALSE,10,23,10,15,20,16,12,13,1,14,25,26,12,11,10,33,12,15
190,Man,Post Doc,Non-STEM,This year,More than 10 years,NA,TRUE,TRUE,TRUE,TRUE,Passed,FALSE,11,18,6,9,18,15,6,6,1,6,21,23,27,10,22,27,4,16
193,Woman,Assistant Professor,"STEM (science, technology, engineering, mathematics)",In the last year,6-10 years,NA,TRUE,TRUE,TRUE,TRUE,Passed,FALSE,20,8,6,10,14,20,10,4,0,2,29,15,30,24,36,41,2,16
194,Woman,Post Doc,Non-STEM,In the last year,6-10 years,NA,TRUE,TRUE,TRUE,TRUE,Passed,FALSE,9,23,8,14,29,15,12,16,1,9,15,21,19,14,27,33,9,14
195,Man,Assistant Professor,Non-STEM,This year,6-10 years,NA,TRUE,TRUE,TRUE,TRUE,Passed,FALSE,14,21,8,10,22,17,14,16,1,10,22,19,24,10,31,34,14,20
199,Woman,Post Doc,"STEM (science, technology, engineering, mathematics)",This year,1-5 years,NA,TRUE,TRUE,TRUE,TRUE,Passed,FALSE,9,20,7,10,24,8,11,6,0,10,20,21,14,16,9,28,10,8
200,Woman,This does not apply to me,Non-STEM,This year,More than 10 years,NA,TRUE,TRUE,TRUE,TRUE,Passed,FALSE,14,21,7,12,23,12,9,15,1,4,27,23,19,15,24,25,7,8
201,Woman,Associate Professor,Non-STEM,This year,More than 10 years,NA,TRUE,TRUE,TRUE,TRUE,Passed,FALSE,6,26,9,15,17,10,10,20,1,10,19,24,9,17,16,25,6,11
202,Woman,Full Professor,"STEM (science, technology, engineering, mathematics)",This year,More than 10 years,NA,TRUE,TRUE,TRUE,TRUE,Passed,FALSE,8,24,9,12,22,9,14,19,1,14,20,27,14,11,10,23,11,5
204,Man,Full Professor,"STEM (science, technology, engineering, mathematics)",This year,More than 10 years,NA,TRUE,TRUE,TRUE,TRUE,Passed,FALSE,10,30,10,15,20,20,14,17,1,12,18,27,21,17,33,40,11,13
205,Woman,Associate Professor,Non-STEM,This year,6-10 years,NA,TRUE,TRUE,TRUE,TRUE,Passed,FALSE,10,25,8,13,14,13,12,15,1,10,26,18,17,9,33,39,7,14
206,Man,PhD student,"STEM (science, technology, engineering, mathematics)",This year,1-5 years,I don't know/ This does not apply to me/ 0 articles,TRUE,TRUE,TRUE,TRUE,Passed,FALSE,9,21,10,13,17,12,14,17,1,4,22,23,16,9,15,18,9,8
207,Woman,Full Professor,Non-STEM,This year,More than 10 years,NA,TRUE,TRUE,TRUE,TRUE,Passed,FALSE,11,25,10,8,13,12,10,4,0,10,22,24,19,10,11,25,7,8
208,Woman,Assistant Professor,Non-STEM,This year,6-10 years,NA,TRUE,TRUE,TRUE,TRUE,Passed,FALSE,11,29,8,13,20,14,10,12,1,10,16,24,16,21,12,24,8,8
209,Man,PhD student,"STEM (science, technology, engineering, mathematics)",This year,1-5 years,I don't know/ This does not apply to me/ 0 articles,TRUE,TRUE,TRUE,TRUE,Passed,FALSE,8,26,7,15,25,11,10,12,1,6,20,25,12,19,18,21,8,5
210,Woman,Full Professor,"STEM (science, technology, engineering, mathematics)",This year,1-5 years,NA,TRUE,TRUE,TRUE,TRUE,Passed,FALSE,9,19,8,15,21,10,8,17,1,6,23,20,20,9,13,25,5,10
211,Woman,Associate Professor,"STEM (science, technology, engineering, mathematics)",In the last 5 years,More than 10 years,NA,TRUE,TRUE,TRUE,TRUE,Passed,FALSE,16,15,10,13,6,12,14,20,1,12,30,13,28,19,16,30,3,20
214,Woman,Assistant Professor,"STEM (science, technology, engineering, mathematics)",In the last year,More than 10 years,NA,TRUE,TRUE,TRUE,TRUE,Passed,FALSE,10,21,7,15,20,12,9,13,1,8,23,21,22,11,28,25,7,9
215,Man,Assistant Professor,"STEM (science, technology, engineering, mathematics)",This year,1-5 years,NA,TRUE,TRUE,TRUE,TRUE,Passed,FALSE,12,21,8,10,18,12,11,12,1,6,29,17,22,17,23,24,4,16
216,Woman,Associate Professor,Non-STEM,In the last year,More than 10 years,NA,TRUE,TRUE,TRUE,TRUE,Passed,FALSE,7,23,10,13,18,11,11,16,1,12,17,25,21,15,11,19,12,7
217,Woman,Associate Professor,"STEM (science, technology, engineering, mathematics)",In the last year,More than 10 years,NA,TRUE,TRUE,TRUE,TRUE,Passed,FALSE,15,20,6,12,13,16,10,16,0,4,21,19,25,17,20,20,6,20
220,Man,Associate Professor,"STEM (science, technology, engineering, mathematics)",This year,More than 10 years,NA,TRUE,TRUE,TRUE,TRUE,Passed,FALSE,9,25,10,12,19,15,12,20,1,12,20,30,15,21,20,26,11,8
221,Man,Post Doc,"STEM (science, technology, engineering, mathematics)",This year,More than 10 years,NA,TRUE,TRUE,TRUE,TRUE,Passed,FALSE,11,20,6,10,24,13,10,7,1,10,23,22,23,13,25,25,4,16
223,Man,Full Professor,"STEM (science, technology, engineering, mathematics)",This year,More than 10 years,NA,TRUE,TRUE,TRUE,TRUE,Passed,FALSE,7,28,9,15,26,12,12,20,1,14,17,28,8,16,20,19,8,6
225,Woman,Full Professor,Non-STEM,In the last year,More than 10 years,NA,TRUE,TRUE,TRUE,TRUE,Passed,FALSE,10,23,8,15,25,17,8,19,1,12,16,27,19,9,28,28,10,16
226,Man,This does not apply to me,"STEM (science, technology, engineering, mathematics)",This year,6-10 years,NA,TRUE,TRUE,TRUE,TRUE,Passed,FALSE,13,21,8,12,21,15,10,9,1,12,28,21,24,12,13,23,11,19
227,Woman,Associate Professor,"STEM (science, technology, engineering, mathematics)",This year,More than 10 years,NA,TRUE,TRUE,TRUE,TRUE,Passed,FALSE,12,21,7,10,9,13,10,18,0,9,20,20,22,20,16,17,6,14
228,Man,Associate Professor,"STEM (science, technology, engineering, mathematics)",This year,More than 10 years,NA,TRUE,TRUE,TRUE,TRUE,Passed,FALSE,10,24,8,15,20,12,12,18,1,4,18,28,14,13,12,25,8,9
229,Man,Full Professor,Non-STEM,This year,More than 10 years,NA,TRUE,TRUE,TRUE,TRUE,Passed,FALSE,16,25,6,15,10,19,8,14,1,12,27,22,25,13,40,35,10,13
230,Woman,Associate Professor,Non-STEM,This year,More than 10 years,NA,TRUE,TRUE,TRUE,TRUE,Passed,FALSE,11,24,8,13,25,11,10,18,1,12,17,24,18,16,9,25,12,4
232,Woman,Associate Professor,"STEM (science, technology, engineering, mathematics)",This year,More than 10 years,NA,TRUE,TRUE,TRUE,TRUE,Passed,FALSE,12,23,6,11,16,19,11,12,1,9,21,22,24,21,19,23,4,16
233,Woman,Associate Professor,"STEM (science, technology, engineering, mathematics)",This year,More than 10 years,NA,TRUE,TRUE,TRUE,TRUE,Passed,FALSE,12,22,10,12,22,19,14,10,1,10,11,29,21,16,25,35,5,20
234,Woman,Full Professor,Non-STEM,This year,More than 10 years,NA,TRUE,TRUE,TRUE,TRUE,Passed,FALSE,11,26,8,15,25,18,8,20,1,14,10,27,23,11,13,31,13,16
235,Man,Assistant Professor,Non-STEM,This year,6-10 years,NA,TRUE,TRUE,TRUE,TRUE,Passed,FALSE,7,24,10,14,24,8,13,20,1,10,17,25,14,14,14,19,12,15
236,Woman,Full Professor,"STEM (science, technology, engineering, mathematics)",In the last year,More than 10 years,NA,TRUE,TRUE,TRUE,TRUE,Passed,FALSE,12,22,7,10,17,16,7,19,1,5,20,25,20,19,27,29,5,15
237,Man,Associate Professor,"STEM (science, technology, engineering, mathematics)",This year,More than 10 years,NA,TRUE,TRUE,TRUE,TRUE,Passed,FALSE,6,23,10,15,27,9,14,20,1,12,13,30,12,15,6,10,7,6
240,Woman,PhD student,"STEM (science, technology, engineering, mathematics)",In the last year,1-5 years,3-4 articles,TRUE,TRUE,TRUE,TRUE,Passed,FALSE,15,16,5,12,21,16,9,14,1,4,23,18,25,18,14,26,3,18
241,Man,Full Professor,Non-STEM,In the last year,More than 10 years,NA,TRUE,TRUE,TRUE,TRUE,Passed,FALSE,10,20,7,15,20,14,9,20,1,12,20,21,22,14,13,14,9,14
242,Woman,Full Professor,Non-STEM,In the last year,More than 10 years,NA,TRUE,TRUE,TRUE,TRUE,Passed,FALSE,7,27,9,15,19,13,10,11,1,12,19,24,16,9,7,14,12,8
243,Man,Assistant Professor,"STEM (science, technology, engineering, mathematics)",This year,More than 10 years,NA,TRUE,TRUE,TRUE,TRUE,Passed,FALSE,8,28,10,15,22,10,12,20,1,12,17,24,19,21,19,20,12,9
244,Woman,Full Professor,"STEM (science, technology, engineering, mathematics)",This year,More than 10 years,NA,TRUE,TRUE,TRUE,TRUE,Passed,FALSE,13,26,8,15,27,13,10,20,1,10,21,23,23,15,11,20,6,16
245,Woman,Full Professor,"STEM (science, technology, engineering, mathematics)",In the last year,More than 10 years,NA,TRUE,TRUE,TRUE,TRUE,Passed,FALSE,15,23,6,11,21,18,9,19,1,12,24,25,17,13,19,28,11,16
246,Man,Full Professor,"STEM (science, technology, engineering, mathematics)",This year,More than 10 years,NA,TRUE,TRUE,TRUE,TRUE,Passed,FALSE,12,23,8,15,20,9,12,16,1,2,20,24,17,8,14,16,3,10
247,Man,Assistant Professor,"STEM (science, technology, engineering, mathematics)",In the last year,More than 10 years,NA,TRUE,TRUE,TRUE,TRUE,Passed,FALSE,16,15,6,10,19,12,9,9,1,8,23,19,24,17,29,36,4,19
249,Woman,Full Professor,"STEM (science, technology, engineering, mathematics)",This year,More than 10 years,NA,TRUE,TRUE,TRUE,TRUE,Passed,FALSE,9,25,7,11,17,8,12,19,1,12,18,28,7,10,10,25,12,5
250,Woman,Associate Professor,Non-STEM,In the last year,More than 10 years,NA,TRUE,TRUE,TRUE,TRUE,Passed,FALSE,9,29,9,15,22,13,12,18,0,6,25,28,12,15,17,20,2,5
251,Woman,Post Doc,Non-STEM,In the last year,6-10 years,NA,TRUE,TRUE,TRUE,TRUE,Passed,FALSE,8,19,8,15,23,14,11,8,1,4,18,22,21,17,28,13,4,14
253,Woman,Assistant Professor,"STEM (science, technology, engineering, mathematics)",This year,More than 10 years,NA,TRUE,TRUE,TRUE,TRUE,Passed,FALSE,8,24,8,15,25,16,13,9,1,12,18,21,19,14,26,32,8,6
254,Woman,Associate Professor,Non-STEM,In the last year,More than 10 years,NA,TRUE,TRUE,TRUE,TRUE,Passed,FALSE,11,21,8,13,18,14,8,19,0,12,18,23,15,26,13,17,9,8
255,Woman,Associate Professor,Non-STEM,This year,More than 10 years,NA,TRUE,TRUE,TRUE,TRUE,Passed,FALSE,10,25,7,10,17,16,6,20,1,5,28,22,22,17,23,30,10,14
