anonym_id,bat_1,bat_2,bat_3,bat_4,ppqr_stress_1,ppqr_stress_2,ppqr_stress_3,ppqr_stress_4,ppqr_stress_5,ppqr_stress_6,ppqr_attitude_7,ppqr_attitude_8,ppqr_attitude_9,ppqr_attitude_10,ppqr_attitude_11,ppqr_attitude_12,ppqr_resources_13,ppqr_resources_14,ppqr_resources_15,ppqr_resources_16,ppqr_resources_17,ppqr_resources_18,jis_1,jis_2,jis_3,jis_4,wlbm_1,wlbm_2,wlbm_3,wlbm_4,copsoq_workload_1,copsoq_workload_2,copsoq_workload_3,copsoq_workload_4,copsoq_soc_sup_1,copsoq_soc_sup_2,copsoq_soc_sup_3,copsoq_soc_sup_4,copsoq_soc_sup_5,copsoq_soc_sup_6,copsoq_oppor_1,copsoq_oppor_2,copsoq_oppor_3,qrp_attitude_1,qrp_attitude_2,qrp_attitude_3,qrp_attitude_4,qrp_attitude_5,qrp_attitude_6,qrp_attitude_7,qrp_attitude_8,copsoq_infl_1,copsoq_infl_2,copsoq_infl_3,copsoq_infl_4,copsoq_infl_5,copsoq_infl_6,copsoq_meaning_1,copsoq_meaning_2,role_ambiguity_01,role_ambiguity_02,role_ambiguity_03,role_ambiguity_04,role_ambiguity_05,role_ambiguity_06,role_conflict_07,role_conflict_08,role_conflict_09,role_conflict_10,role_conflict_11,role_conflict_12,pay_satisfaction_1,pay_satisfaction_2,tool_satisfaction_1,tool_satisfaction_2,general_satisfaction_1,general_satisfaction_2,open_practice,gender,title,discipline,last_published,academia_length,phd_dissertation,finished,research_yes_no,academic_yes_no,consent,attention,lazy_responding
6,3,2,NA,NA,4,4,5,3,4,5,5,5,5,5,4,4,5,5,4,4,3,3,5,4,2,3,4,4,4,3,4,2,4,2,4,5,5,4,4,3,5,4,5,4,4,1,1,2,NA,NA,NA,3,3,2,3,4,4,5,4,4,5,4,5,5,5,5,7,5,6,5,5,2,3,5,5,5,5,1,Woman,PhD student,Non-STEM,In the last 5 years,Less than 1 year,3-4 articles,TRUE,TRUE,TRUE,TRUE,Passed,FALSE
16,4,4,NA,NA,1,1,1,1,5,5,1,1,1,1,5,NA,1,1,1,5,5,1,3,3,3,3,1,5,1,2,5,4,3,4,5,5,5,5,5,5,1,1,1,1,1,1,1,1,NA,NA,NA,5,5,5,5,5,5,5,5,7,7,7,1,1,1,7,7,7,1,1,1,1,1,1,1,7,7,NA,Prefer not to say,PhD student,"STEM (science, technology, engineering, mathematics)",This year,1-5 years,3-4 articles,TRUE,TRUE,TRUE,TRUE,Passed,FALSE
18,2,1,NA,NA,2,4,3,2,2,4,4,5,4,4,3,4,3,4,2,3,4,4,5,5,5,5,2,4,3,2,2,3,3,3,1,2,1,2,2,3,4,4,4,1,1,1,1,1,NA,NA,NA,4,3,3,4,3,4,4,4,6,5,5,4,4,4,4,5,4,3,4,4,3,2,4,5,7,6,NA,Man,PhD student,"STEM (science, technology, engineering, mathematics)",This year,Less than 1 year,3-4 articles,TRUE,TRUE,TRUE,TRUE,Passed,FALSE
20,3,3,NA,NA,3,3,3,3,3,3,3,3,3,3,3,3,3,3,3,3,3,3,3,3,3,3,3,3,3,3,3,3,3,3,3,3,3,3,3,3,3,3,3,1,1,1,1,1,NA,NA,NA,3,3,3,3,3,3,3,3,4,4,4,4,4,4,4,4,4,4,4,4,4,4,4,4,4,4,NA,Woman,This does not apply to me,Non-STEM,This year,Less than 1 year,NA,TRUE,TRUE,TRUE,TRUE,Passed,FALSE
21,1,1,NA,NA,1,1,1,1,5,5,1,1,1,1,5,1,1,1,1,5,5,1,5,1,5,5,5,2,5,2,1,2,1,5,1,1,1,1,1,1,1,1,1,4,4,3,4,3,NA,NA,NA,1,1,1,1,1,1,1,1,4,4,4,4,5,5,3,4,2,6,5,5,4,3,3,4,2,4,NA,Woman,PhD student,"STEM (science, technology, engineering, mathematics)",This year,1-5 years,1-2 articles,TRUE,TRUE,TRUE,TRUE,Passed,FALSE
22,3,1,NA,NA,3,4,5,4,3,4,2,4,5,5,4,3,5,5,4,4,3,2,4,4,4,5,2,4,4,3,3,4,5,4,5,5,5,5,5,5,5,5,5,1,1,1,1,1,NA,NA,NA,4,5,3,5,3,5,4,4,3,5,2,5,3,5,2,5,4,6,5,4,2,6,2,2,6,5,NA,Man,PhD student,"STEM (science, technology, engineering, mathematics)",This year,1-5 years,3-4 articles,TRUE,TRUE,TRUE,TRUE,Passed,FALSE
23,2,2,NA,NA,1,4,2,2,2,5,4,5,5,5,4,5,2,2,3,4,4,2,2,4,2,2,3,3,3,3,3,3,3,3,3,3,3,3,3,3,3,3,3,NA,NA,NA,NA,NA,NA,NA,NA,4,4,4,4,4,4,4,4,6,6,6,2,2,2,6,6,6,2,2,2,6,6,6,6,6,6,NA,Woman,Post Doc,Non-STEM,This year,6-10 years,NA,TRUE,TRUE,TRUE,TRUE,Passed,FALSE
24,5,5,NA,NA,5,5,5,5,1,1,5,5,5,5,1,5,5,5,5,1,1,5,1,5,1,1,1,5,1,1,5,5,5,1,5,5,5,5,5,5,1,1,1,1,1,1,1,1,NA,NA,NA,5,5,5,5,5,5,1,1,1,1,1,7,7,7,1,1,1,7,7,7,7,7,1,1,7,7,NA,Non-binary / third gender,Post Doc,"STEM (science, technology, engineering, mathematics)",This year,1-5 years,NA,TRUE,TRUE,TRUE,TRUE,Passed,FALSE
31,1,1,1,1,2,2,1,1,5,5,1,1,1,1,5,1,1,1,1,5,5,1,5,1,4,4,4,1,4,4,3,2,NA,4,NA,4,NA,1,NA,NA,NA,NA,NA,2,2,2,2,2,NA,NA,4,NA,NA,NA,NA,NA,NA,NA,NA,2,2,3,6,7,6,2,2,5,6,4,6,2,3,3,4,4,5,NA,Woman,Full Professor,Non-STEM,In the last 5 years,6-10 years,NA,TRUE,TRUE,TRUE,TRUE,Passed,FALSE
32,5,5,5,5,5,5,5,5,1,5,5,5,5,5,5,5,1,5,5,1,1,1,1,1,1,1,5,5,5,5,5,1,5,1,1,1,1,1,1,1,1,3,1,1,1,1,1,2,1,1,1,1,3,2,1,3,2,1,1,7,1,1,7,7,7,7,7,7,7,7,7,7,7,7,1,1,1,1,Non-binary / third gender,Post Doc,"STEM (science, technology, engineering, mathematics)",This year,1-5 years,NA,TRUE,TRUE,TRUE,TRUE,Passed,FALSE
33,3,3,2,2,1,5,5,4,2,5,1,5,4,4,2,4,1,4,5,5,3,4,2,2,1,4,5,5,5,5,5,5,5,4,3,2,2,3,4,1,4,4,4,1,1,1,2,3,1,1,2,4,5,2,4,3,4,3,2,2,6,2,4,7,2,6,7,1,7,7,7,2,2,1,6,2,2,1,Man,Assistant Professor,Non-STEM,This year,More than 10 years,NA,TRUE,TRUE,TRUE,TRUE,Passed,FALSE
34,4,4,2,4,1,1,4,2,4,1,2,4,5,3,2,3,4,4,5,5,3,5,4,4,2,4,3,3,3,2,3,4,3,3,5,5,4,4,4,2,4,5,5,1,1,1,2,1,1,1,1,5,5,3,4,5,5,4,4,3,3,2,2,2,3,6,7,2,5,4,6,2,2,2,6,6,5,1,Man,Full Professor,Non-STEM,This year,More than 10 years,NA,TRUE,TRUE,TRUE,TRUE,Passed,FALSE
36,3,3,3,4,4,4,4,4,4,4,5,5,5,5,4,5,4,4,2,3,3,2,4,3,2,3,5,5,5,5,4,3,3,4,3,3,3,2,2,2,4,4,4,1,1,1,1,1,1,1,1,3,3,2,3,3,3,3,3,4,5,4,3,2,3,6,6,4,6,6,6,5,5,2,3,2,2,1,Woman,PhD student,"STEM (science, technology, engineering, mathematics)",This year,1-5 years,3-4 articles,TRUE,TRUE,TRUE,TRUE,Passed,FALSE
37,3,3,2,2,3,3,5,4,3,3,4,4,4,4,2,3,2,4,5,3,3,3,5,5,3,4,4,4,4,4,4,1,4,4,2,2,2,3,4,3,4,5,5,1,1,1,2,3,1,1,1,4,4,2,3,3,4,5,5,3,3,4,3,2,3,4,5,2,5,4,3,4,4,7,5,5,4,1,Woman,Associate Professor,Non-STEM,This year,More than 10 years,NA,TRUE,TRUE,TRUE,TRUE,Passed,FALSE
38,3,3,2,4,4,5,5,4,4,4,3,4,4,4,3,5,4,4,5,5,4,4,4,4,3,4,4,4,4,4,4,4,4,4,4,4,3,4,4,3,3,4,3,1,1,1,1,2,1,3,3,4,4,3,4,2,3,4,4,3,2,3,3,2,2,4,5,2,5,5,3,2,2,2,4,5,6,1,Man,Assistant Professor,Non-STEM,This year,More than 10 years,NA,TRUE,TRUE,TRUE,TRUE,Passed,FALSE
39,2,2,2,2,1,2,2,2,2,1,3,4,4,4,2,5,5,5,5,5,5,4,5,5,5,5,1,1,1,1,3,4,3,2,5,5,3,4,4,3,5,5,5,1,1,1,1,2,1,1,1,4,3,3,4,3,4,4,3,3,6,2,6,7,3,3,5,1,3,2,6,6,6,6,6,6,6,1,Man,Full Professor,Non-STEM,In the last year,More than 10 years,NA,TRUE,TRUE,TRUE,TRUE,Passed,FALSE
40,2,3,2,3,2,2,4,3,4,2,2,3,3,4,2,4,4,4,4,4,2,4,4,4,2,5,2,1,2,2,4,4,4,4,3,3,2,4,4,3,4,4,4,2,1,1,2,4,1,2,3,4,4,3,3,3,4,3,3,5,6,5,3,5,4,5,7,5,5,5,6,7,6,6,5,5,5,1,Man,Full Professor,Non-STEM,This year,More than 10 years,NA,TRUE,TRUE,TRUE,TRUE,Passed,FALSE
41,3,3,2,4,5,2,4,3,3,1,5,5,5,5,3,5,4,4,4,3,2,3,5,5,3,5,1,1,2,1,3,3,1,2,5,5,2,4,4,1,3,4,3,3,1,3,1,3,1,3,3,4,3,2,3,4,5,4,4,1,2,1,3,3,2,4,1,1,3,4,5,3,5,2,5,5,5,1,Woman,Post Doc,Non-STEM,This year,More than 10 years,NA,TRUE,TRUE,TRUE,TRUE,Passed,FALSE
42,4,3,2,3,2,5,4,4,3,3,4,4,4,5,4,4,4,4,4,4,4,4,5,5,4,4,4,4,3,2,3,3,3,3,2,1,1,3,3,3,3,4,4,1,1,1,2,2,1,1,1,3,4,3,4,4,4,4,4,3,5,3,3,5,3,5,5,4,5,5,3,2,2,2,2,5,5,1,Woman,Assistant Professor,Non-STEM,This year,More than 10 years,NA,TRUE,TRUE,TRUE,TRUE,Passed,FALSE
43,4,1,2,3,2,4,5,1,2,4,4,5,5,5,3,5,4,4,2,2,2,4,4,4,4,4,4,5,5,4,4,5,5,5,4,4,2,3,4,3,5,5,4,2,2,2,1,2,1,1,2,3,3,2,2,3,4,4,4,1,2,1,5,1,3,1,3,1,1,1,2,5,5,5,5,6,6,1,Woman,Post Doc,"STEM (science, technology, engineering, mathematics)",This year,6-10 years,NA,TRUE,TRUE,TRUE,TRUE,Passed,FALSE
44,2,2,1,2,2,2,4,2,2,2,2,2,2,2,2,2,4,3,4,4,4,4,4,4,2,3,1,1,1,1,3,2,3,2,4,4,3,4,4,3,5,5,5,1,1,1,1,2,1,1,1,5,5,3,4,4,4,5,4,2,3,2,2,2,4,5,7,6,5,5,6,7,7,2,6,6,4,1,Woman,Full Professor,Non-STEM,In the last year,More than 10 years,NA,TRUE,TRUE,TRUE,TRUE,Passed,FALSE
45,2,3,2,2,2,3,2,2,2,2,4,5,5,5,4,5,3,4,4,4,4,5,1,4,2,2,1,2,1,1,2,3,2,2,4,4,4,5,4,4,4,4,4,2,1,1,2,1,1,1,3,4,4,4,4,5,4,3,2,1,2,1,1,2,3,1,2,1,3,2,6,5,5,5,7,4,4,1,Woman,Post Doc,Non-STEM,In the last year,6-10 years,NA,TRUE,TRUE,TRUE,TRUE,Passed,FALSE
47,4,4,3,4,5,5,5,5,4,5,4,4,4,5,4,4,5,4,5,4,2,3,4,4,1,4,5,5,5,5,5,5,5,5,4,5,3,4,4,3,3,4,4,1,1,2,3,4,1,2,1,4,3,2,3,2,3,4,3,4,6,2,4,3,4,7,7,6,6,7,5,2,2,1,2,3,4,1,Woman,Assistant Professor,Non-STEM,In the last year,6-10 years,NA,TRUE,TRUE,TRUE,TRUE,Passed,FALSE
48,4,3,2,4,5,3,3,4,2,4,4,4,4,4,4,4,4,4,3,3,3,3,1,1,1,1,3,3,3,3,3,3,3,3,5,5,4,3,3,3,4,4,4,1,1,1,1,2,1,1,1,3,1,3,3,3,3,3,3,3,3,3,5,3,3,7,6,4,4,5,4,5,5,4,5,4,4,1,Woman,PhD student,Non-STEM,This year,1-5 years,3-4 articles,TRUE,TRUE,TRUE,TRUE,Passed,FALSE
49,4,2,3,3,2,3,2,2,2,4,3,3,5,4,5,5,5,5,5,4,3,4,2,2,1,2,2,4,3,2,4,3,3,3,5,5,3,5,5,3,4,4,4,1,1,2,1,2,1,1,2,3,4,4,4,4,4,4,4,4,5,4,3,5,6,2,2,2,2,2,2,3,3,3,6,5,5,1,Woman,PhD student,Non-STEM,This year,1-5 years,1-2 articles,TRUE,TRUE,TRUE,TRUE,Passed,FALSE
50,4,5,4,4,4,4,4,5,2,1,4,4,4,2,4,2,3,4,3,3,2,4,2,4,3,2,1,5,1,2,4,4,4,1,2,2,2,3,4,4,3,3,3,3,3,4,5,4,3,3,3,4,4,4,4,4,4,3,4,5,6,7,3,3,3,7,6,7,1,2,1,6,6,4,5,4,3,1,Man,PhD student,Non-STEM,In the last 5 years,1-5 years,3-4 articles,TRUE,TRUE,TRUE,TRUE,Passed,FALSE
51,5,5,5,5,4,2,4,5,3,2,2,5,5,5,1,5,4,4,1,2,3,2,4,3,2,4,2,3,2,2,4,4,4,4,1,1,1,2,2,1,2,1,2,1,1,2,1,1,1,1,1,1,1,2,2,1,1,1,1,6,5,6,6,3,7,6,2,6,4,2,6,4,4,3,1,1,1,1,Woman,This does not apply to me,"STEM (science, technology, engineering, mathematics)",In the last 5 years,Less than 1 year,NA,TRUE,TRUE,TRUE,TRUE,Passed,FALSE
53,4,4,2,3,4,4,5,4,2,4,4,4,4,5,4,4,2,3,4,3,4,4,5,5,5,5,4,4,3,4,3,4,3,4,3,1,1,1,3,2,2,4,2,1,1,1,2,1,1,1,1,4,4,3,3,4,4,4,4,4,3,5,4,5,3,5,5,6,5,4,5,2,2,3,3,6,6,1,Woman,Full Professor,"STEM (science, technology, engineering, mathematics)",This year,More than 10 years,NA,TRUE,TRUE,TRUE,TRUE,Passed,FALSE
54,3,4,3,4,4,4,5,4,3,3,3,4,4,5,3,4,3,4,4,3,3,3,2,2,2,2,3,5,4,4,5,4,4,3,3,3,3,4,4,3,5,4,4,2,1,1,2,3,2,2,1,4,4,3,4,3,5,3,3,6,7,6,7,7,6,6,6,2,7,3,7,5,6,2,3,3,3,1,Man,Post Doc,Non-STEM,In the last year,More than 10 years,NA,TRUE,TRUE,TRUE,TRUE,Passed,FALSE
55,1,1,1,1,1,2,1,1,1,1,1,4,4,1,5,2,5,5,5,5,5,4,5,5,5,5,1,1,1,1,2,2,2,2,5,5,4,5,5,5,4,4,4,1,1,1,1,2,1,1,1,5,5,5,5,5,5,4,3,1,2,1,1,2,2,1,4,1,2,2,3,1,1,3,7,3,3,0,Man,Full Professor,"STEM (science, technology, engineering, mathematics)",This year,More than 10 years,NA,TRUE,TRUE,TRUE,TRUE,Passed,FALSE
56,3,1,1,3,2,3,2,1,2,2,3,3,3,4,2,4,4,4,4,4,4,4,3,1,2,4,1,1,1,1,3,2,2,2,4,3,3,3,4,2,4,4,4,1,1,2,2,2,2,2,3,4,4,4,4,4,4,4,4,3,3,4,5,5,5,5,3,1,5,5,3,6,6,6,6,5,5,1,Woman,PhD student,Non-STEM,This year,1-5 years,3-4 articles,TRUE,TRUE,TRUE,TRUE,Passed,FALSE
57,3,2,2,3,2,4,5,4,3,4,2,3,4,3,2,3,4,4,5,5,2,2,4,4,4,4,4,4,4,4,4,4,3,3,4,4,3,4,4,3,5,4,5,1,2,1,2,5,3,5,1,4,4,3,4,3,4,5,4,5,6,5,6,6,6,6,5,2,5,5,5,4,3,3,6,4,3,1,Woman,Post Doc,Non-STEM,This year,More than 10 years,NA,TRUE,TRUE,TRUE,TRUE,Passed,FALSE
59,4,3,3,3,4,1,4,4,3,5,3,4,3,5,3,5,3,4,4,4,4,4,4,5,2,4,4,4,4,4,3,1,2,4,1,1,1,2,3,2,2,3,3,3,4,1,3,2,1,2,1,4,4,2,4,4,4,4,4,2,5,2,6,6,6,4,3,5,4,6,3,5,5,5,4,6,5,0,Woman,Associate Professor,"STEM (science, technology, engineering, mathematics)",This year,More than 10 years,NA,TRUE,TRUE,TRUE,TRUE,Passed,FALSE
60,2,1,1,2,1,2,2,1,2,4,3,2,1,2,2,3,5,5,4,5,3,5,5,4,5,5,1,1,2,1,3,3,3,2,4,5,4,4,4,4,4,5,4,1,1,1,3,1,1,3,3,4,3,3,4,4,4,5,5,1,2,1,2,2,2,2,2,1,4,1,2,6,6,5,5,5,5,1,Woman,Post Doc,"STEM (science, technology, engineering, mathematics)",In the last 5 years,6-10 years,NA,TRUE,TRUE,TRUE,TRUE,Passed,FALSE
62,3,1,2,4,2,1,4,1,2,2,5,5,5,1,4,5,5,4,5,3,5,4,4,4,2,3,4,4,4,3,4,4,4,4,4,2,2,4,5,3,5,5,5,1,1,1,1,4,1,1,1,4,4,3,4,3,5,5,5,1,2,1,4,1,1,6,7,4,5,5,6,7,7,6,6,6,6,1,Woman,This does not apply to me,Non-STEM,This year,1-5 years,NA,TRUE,TRUE,TRUE,TRUE,Passed,FALSE
63,3,2,2,4,3,5,5,4,5,5,3,3,3,4,5,3,4,4,4,4,3,4,2,1,1,2,4,4,4,4,3,4,4,4,2,4,3,3,3,3,3,3,3,1,1,2,1,2,1,1,1,3,3,3,3,3,3,3,3,2,5,2,5,3,5,3,5,3,6,5,5,3,3,2,2,3,3,1,Man,Post Doc,Non-STEM,This year,More than 10 years,NA,TRUE,TRUE,TRUE,TRUE,Passed,FALSE
66,5,5,5,5,5,5,5,5,5,5,4,5,5,5,5,5,1,5,5,2,1,1,1,1,1,1,5,5,1,5,5,5,5,5,1,2,1,1,5,4,1,4,5,4,4,4,2,4,1,2,3,3,1,1,1,1,1,3,3,7,6,7,7,7,2,7,6,7,7,7,7,1,1,1,1,5,5,0,Woman,Assistant Professor,"STEM (science, technology, engineering, mathematics)",In the last year,6-10 years,NA,TRUE,TRUE,TRUE,TRUE,Passed,FALSE
67,2,2,2,3,2,4,5,2,2,4,4,2,2,3,2,2,4,4,3,4,4,2,5,4,2,5,3,4,4,3,3,4,4,4,5,5,4,5,5,5,5,4,5,1,4,1,1,4,1,1,1,4,4,3,4,4,4,4,4,3,5,5,6,2,6,5,6,5,5,6,6,4,5,4,5,6,6,1,Woman,Post Doc,Non-STEM,In the last year,6-10 years,NA,TRUE,TRUE,TRUE,TRUE,Passed,FALSE
68,4,3,4,3,3,4,5,4,4,4,2,4,4,4,4,4,2,4,4,4,2,3,4,4,4,4,5,5,5,5,5,4,4,4,3,3,2,4,5,5,3,4,3,1,1,1,1,3,1,1,1,4,4,3,3,3,4,4,4,3,6,4,6,6,6,6,6,4,6,6,6,5,5,7,7,7,7,1,Man,Assistant Professor,Non-STEM,This year,6-10 years,NA,TRUE,TRUE,TRUE,TRUE,Passed,FALSE
72,3,2,2,2,4,1,2,2,1,4,3,4,4,3,4,2,3,4,3,4,4,3,1,1,3,1,2,2,2,2,2,2,2,2,4,4,4,4,4,4,3,4,3,2,2,2,4,1,1,2,2,4,2,3,4,4,3,4,3,1,2,1,1,2,2,5,3,5,4,5,6,5,5,5,5,6,5,0,Woman,Post Doc,"STEM (science, technology, engineering, mathematics)",This year,1-5 years,NA,TRUE,TRUE,TRUE,TRUE,Passed,FALSE
73,4,3,3,4,3,4,3,2,3,4,5,4,5,4,4,5,4,5,3,4,4,3,4,4,3,4,2,2,2,2,4,3,3,2,5,5,3,4,4,2,4,4,4,3,2,2,3,2,1,1,1,4,3,3,4,3,4,4,3,2,5,6,5,4,2,2,7,4,4,4,4,2,2,1,6,5,4,1,Woman,This does not apply to me,Non-STEM,This year,More than 10 years,NA,TRUE,TRUE,TRUE,TRUE,Passed,FALSE
74,2,1,2,1,1,1,2,1,2,2,3,2,2,3,5,4,3,4,4,4,5,4,5,5,5,5,2,3,2,4,3,3,2,2,3,2,2,4,4,2,5,5,5,5,1,1,3,1,1,1,4,5,5,4,4,4,4,4,5,1,2,7,2,2,2,3,5,2,5,5,5,5,5,2,4,5,5,1,Woman,Associate Professor,Non-STEM,This year,More than 10 years,NA,TRUE,TRUE,TRUE,TRUE,Passed,FALSE
75,2,2,2,2,2,3,3,2,2,2,3,4,3,3,3,4,4,5,5,3,5,5,5,4,5,5,1,2,1,1,3,2,2,2,4,4,3,4,4,3,4,4,4,1,1,2,1,3,1,1,1,4,4,4,4,4,4,4,5,1,2,1,2,2,2,4,5,2,4,4,4,7,7,4,7,7,7,1,Woman,Full Professor,"STEM (science, technology, engineering, mathematics)",This year,More than 10 years,NA,TRUE,TRUE,TRUE,TRUE,Passed,FALSE
77,4,2,1,3,2,5,5,2,3,4,3,4,4,3,2,2,5,5,5,3,4,5,5,5,2,5,3,5,2,3,5,5,5,5,4,2,2,5,5,2,5,5,5,2,1,1,5,4,1,1,2,5,5,5,5,5,5,5,5,4,7,3,7,7,5,7,7,5,7,7,7,6,6,4,7,7,7,1,Man,Full Professor,"STEM (science, technology, engineering, mathematics)",This year,More than 10 years,NA,TRUE,TRUE,TRUE,TRUE,Passed,FALSE
78,2,3,3,2,2,5,4,1,3,2,4,5,5,4,4,4,1,2,4,3,5,3,4,3,4,4,4,5,3,2,4,3,3,3,2,2,1,2,5,2,4,5,4,1,1,1,1,2,1,1,1,5,4,3,4,4,5,4,4,4,6,4,7,7,5,6,7,7,6,7,6,5,5,1,6,6,6,1,Woman,Associate Professor,Non-STEM,This year,6-10 years,NA,TRUE,TRUE,TRUE,TRUE,Passed,FALSE
79,3,2,2,2,2,4,2,2,4,2,4,4,4,4,2,4,4,4,4,4,4,3,5,5,2,5,2,2,2,2,3,4,3,2,2,2,2,4,5,2,5,4,4,1,1,1,1,2,1,1,1,4,2,4,4,3,4,5,5,2,5,2,2,1,3,7,3,2,2,2,2,2,2,2,7,7,7,1,Man,PhD student,"STEM (science, technology, engineering, mathematics)",This year,1-5 years,I don't know/ This does not apply to me/ 0 articles,TRUE,TRUE,TRUE,TRUE,Passed,FALSE
80,3,3,2,3,2,3,3,4,3,4,4,4,4,3,3,4,1,4,5,5,4,5,1,1,1,1,2,2,2,2,3,3,3,3,3,2,2,2,3,1,2,4,2,1,1,1,1,3,1,1,1,5,4,3,4,4,5,5,5,2,2,1,3,1,2,4,7,2,2,4,6,5,5,5,2,5,5,0,Woman,Full Professor,Non-STEM,This year,More than 10 years,NA,TRUE,TRUE,TRUE,TRUE,Passed,FALSE
81,4,3,2,2,3,2,3,2,2,4,4,2,2,2,3,3,3,4,5,4,4,4,4,4,1,3,2,2,2,2,3,4,4,3,3,3,3,4,4,3,4,5,4,3,1,1,2,5,1,4,4,5,5,4,5,5,5,4,4,2,1,2,4,2,1,6,6,2,4,2,4,5,5,3,5,5,5,1,Woman,Assistant Professor,Non-STEM,This year,6-10 years,NA,TRUE,TRUE,TRUE,TRUE,Passed,FALSE
82,3,1,1,3,3,2,2,1,2,2,3,4,4,4,2,3,5,4,4,4,4,4,3,3,3,3,1,2,1,1,4,2,3,2,5,5,3,4,4,4,5,5,5,2,1,1,1,5,3,1,5,5,4,4,5,3,5,4,3,2,4,2,3,5,2,3,5,1,4,3,5,3,3,3,5,5,5,1,Man,PhD student,"STEM (science, technology, engineering, mathematics)",This year,1-5 years,I don't know/ This does not apply to me/ 0 articles,TRUE,TRUE,TRUE,TRUE,Passed,FALSE
83,3,2,2,2,3,5,4,3,2,3,4,4,4,5,2,4,4,4,3,3,4,2,5,4,4,4,3,3,2,2,3,3,2,2,4,4,4,3,3,3,5,5,5,1,1,1,2,1,1,1,1,3,3,2,3,4,4,4,4,1,5,1,2,2,2,3,3,1,5,7,6,3,3,2,3,4,4,1,Woman,Full Professor,"STEM (science, technology, engineering, mathematics)",This year,1-5 years,NA,TRUE,TRUE,TRUE,TRUE,Passed,FALSE
84,5,4,4,3,5,5,5,4,4,5,5,5,5,5,5,5,2,2,1,1,2,5,5,5,5,5,5,5,5,5,3,3,3,3,1,1,1,1,1,1,5,5,3,1,1,4,4,4,1,3,1,3,5,1,1,3,2,5,5,2,5,2,3,2,2,2,6,5,6,5,6,6,6,1,2,7,7,1,Woman,Associate Professor,"STEM (science, technology, engineering, mathematics)",In the last 5 years,More than 10 years,NA,TRUE,TRUE,TRUE,TRUE,Passed,FALSE
87,3,2,2,3,3,4,5,3,4,3,4,4,4,4,3,4,3,4,4,4,3,3,4,3,2,4,2,3,2,2,4,2,4,2,3,3,2,4,4,4,5,5,5,1,1,2,1,2,1,2,1,4,3,3,4,3,4,4,3,5,4,5,5,5,4,6,6,3,3,4,3,4,4,3,4,5,4,1,Woman,Assistant Professor,"STEM (science, technology, engineering, mathematics)",In the last year,More than 10 years,NA,TRUE,TRUE,TRUE,TRUE,Passed,FALSE
88,3,3,3,3,3,4,5,3,3,4,4,5,5,5,5,5,4,4,2,3,2,2,4,4,2,2,5,5,2,4,3,3,3,3,3,3,3,3,3,3,3,4,3,1,1,1,5,4,2,1,2,4,3,4,3,4,3,4,4,4,4,4,4,4,3,4,4,4,4,4,4,3,3,2,2,6,5,1,Man,Assistant Professor,"STEM (science, technology, engineering, mathematics)",This year,1-5 years,NA,TRUE,TRUE,TRUE,TRUE,Passed,FALSE
89,2,1,2,2,3,5,4,1,4,4,1,3,4,4,1,4,5,4,5,4,5,2,5,5,1,5,1,2,2,2,3,2,3,3,4,2,2,4,4,2,4,5,4,1,3,2,1,3,1,1,3,4,3,3,5,4,4,5,5,1,1,1,2,2,4,2,6,1,7,2,1,6,6,6,6,5,6,1,Woman,Associate Professor,Non-STEM,In the last year,More than 10 years,NA,TRUE,TRUE,TRUE,TRUE,Passed,FALSE
90,4,4,3,4,4,4,5,4,4,4,3,4,4,3,4,3,4,3,4,4,2,2,5,1,5,5,5,5,5,5,4,4,4,4,4,4,2,1,1,1,4,4,4,2,1,1,4,5,1,2,1,3,3,3,3,4,4,3,3,3,4,2,4,3,4,6,5,2,2,2,3,2,2,3,3,5,5,0,Woman,Associate Professor,"STEM (science, technology, engineering, mathematics)",In the last year,More than 10 years,NA,TRUE,TRUE,TRUE,TRUE,Passed,FALSE
93,3,2,1,3,1,4,4,2,2,2,2,4,4,3,3,4,5,5,5,5,5,5,5,5,5,5,1,5,1,1,3,4,3,5,3,3,1,4,5,3,4,4,4,1,1,3,4,3,1,4,4,5,4,3,4,4,5,5,5,2,6,2,5,3,2,5,6,4,3,4,4,6,6,6,5,6,6,1,Man,Associate Professor,"STEM (science, technology, engineering, mathematics)",This year,More than 10 years,NA,TRUE,TRUE,TRUE,TRUE,Passed,FALSE
94,3,3,2,3,4,4,5,4,4,2,3,4,4,5,3,4,5,5,3,3,2,4,2,2,1,2,4,4,4,4,4,3,3,3,4,4,4,4,4,4,3,4,3,1,1,1,3,4,1,1,1,3,4,3,3,3,4,3,3,2,6,5,3,5,4,5,4,4,6,4,2,5,5,2,2,5,5,1,Man,Post Doc,"STEM (science, technology, engineering, mathematics)",This year,More than 10 years,NA,TRUE,TRUE,TRUE,TRUE,Passed,FALSE
95,1,1,1,1,NA,NA,NA,NA,NA,NA,NA,NA,NA,NA,NA,NA,NA,NA,NA,NA,NA,NA,NA,NA,NA,NA,5,1,5,5,1,1,1,5,1,1,1,1,1,1,1,1,1,1,1,1,1,1,1,1,1,1,2,3,4,5,4,1,1,1,1,1,7,7,7,1,1,1,7,7,7,2,2,2,2,2,2,1,Prefer not to say,Full Professor,"STEM (science, technology, engineering, mathematics)",This year,More than 10 years,NA,TRUE,TRUE,TRUE,TRUE,Passed,FALSE
96,2,1,2,2,1,2,2,1,1,1,3,3,4,2,1,4,5,5,5,4,4,5,5,5,5,5,1,2,2,1,3,4,3,2,5,5,3,5,4,4,5,5,5,1,1,3,5,2,2,1,1,5,5,4,5,4,5,5,4,1,6,1,6,3,3,2,6,1,2,2,6,7,7,2,6,6,6,1,Man,Full Professor,"STEM (science, technology, engineering, mathematics)",This year,More than 10 years,NA,TRUE,TRUE,TRUE,TRUE,Passed,FALSE
97,3,2,2,2,4,4,5,4,4,2,5,5,4,4,1,4,2,2,1,2,2,3,5,4,4,5,3,4,2,2,4,2,4,4,2,1,1,2,2,2,4,4,5,4,4,2,1,4,4,4,1,1,2,3,3,2,2,5,5,2,2,2,3,3,2,6,NA,6,1,5,3,2,2,2,2,6,6,1,Man,Full Professor,Non-STEM,This year,More than 10 years,NA,TRUE,TRUE,TRUE,TRUE,Passed,FALSE
98,3,2,2,3,2,4,4,3,2,4,3,3,3,2,3,2,4,5,5,4,5,4,5,5,4,5,4,4,4,4,4,5,4,4,5,4,4,4,5,3,5,5,5,1,1,1,1,2,1,1,1,4,4,3,4,4,4,4,4,3,5,5,6,5,4,6,7,4,5,3,3,6,6,4,6,4,4,1,Woman,Full Professor,Non-STEM,In the last year,More than 10 years,NA,TRUE,TRUE,TRUE,TRUE,Passed,FALSE
99,4,2,3,4,2,5,5,4,4,4,3,5,5,5,5,5,4,4,4,4,2,3,3,2,2,2,5,4,5,5,3,4,4,4,4,3,4,3,4,3,4,4,4,1,1,1,3,2,2,1,1,4,4,3,4,2,4,4,4,2,2,2,3,2,2,5,5,2,4,2,5,6,6,6,5,5,5,1,Man,This does not apply to me,"STEM (science, technology, engineering, mathematics)",This year,6-10 years,NA,TRUE,TRUE,TRUE,TRUE,Passed,FALSE
100,4,3,3,2,3,4,4,3,3,5,4,3,4,4,2,3,3,3,4,4,3,3,5,4,4,5,2,4,4,4,3,4,3,3,2,1,1,2,2,1,3,4,3,1,3,3,3,4,3,1,2,4,2,4,4,3,4,4,3,2,3,2,3,3,3,2,4,2,4,2,3,5,4,2,4,5,5,0,Woman,Associate Professor,"STEM (science, technology, engineering, mathematics)",This year,More than 10 years,NA,TRUE,TRUE,TRUE,TRUE,Passed,FALSE
101,3,2,2,3,2,3,4,2,2,1,2,3,3,3,3,4,5,5,5,5,5,3,5,5,3,5,2,3,2,2,3,3,3,3,3,2,2,4,5,4,5,5,5,2,1,1,4,1,1,1,2,5,4,3,4,3,5,4,4,1,2,1,2,2,4,5,6,2,6,4,2,2,2,2,6,6,6,1,Man,Associate Professor,"STEM (science, technology, engineering, mathematics)",This year,More than 10 years,NA,TRUE,TRUE,TRUE,TRUE,Passed,FALSE
102,4,4,4,4,2,4,5,5,4,5,5,5,5,5,3,4,4,4,4,4,4,2,4,3,3,4,3,4,3,3,5,5,4,5,1,1,1,4,2,1,5,5,5,1,1,1,3,1,1,3,2,4,5,3,4,4,5,4,2,6,6,7,7,7,7,6,7,4,6,6,6,6,6,5,5,4,4,1,Man,Full Professor,Non-STEM,This year,More than 10 years,NA,TRUE,TRUE,TRUE,TRUE,Passed,FALSE
103,3,3,1,4,4,3,4,2,3,2,2,3,4,2,2,4,4,4,4,4,4,4,5,4,4,5,1,1,1,1,3,3,3,2,5,5,3,5,5,2,4,5,4,1,1,1,1,5,1,4,2,4,4,3,4,4,5,4,4,1,2,1,2,1,2,2,6,1,5,5,6,6,6,6,6,5,5,1,Woman,Associate Professor,Non-STEM,This year,More than 10 years,NA,TRUE,TRUE,TRUE,TRUE,Passed,FALSE
105,4,3,2,3,4,4,4,4,4,4,4,3,3,4,3,4,3,3,5,5,3,3,4,4,1,3,4,4,4,4,5,5,5,4,3,3,2,3,3,2,4,4,3,5,1,1,3,4,1,3,3,4,4,4,4,3,4,3,3,2,4,2,4,4,3,3,5,2,5,2,6,6,3,2,2,6,5,1,Woman,Associate Professor,"STEM (science, technology, engineering, mathematics)",This year,More than 10 years,NA,TRUE,TRUE,TRUE,TRUE,Passed,FALSE
106,4,3,2,3,3,2,5,3,4,4,3,2,1,1,3,1,4,5,5,5,5,5,3,2,2,3,5,5,5,5,5,5,5,4,3,3,3,4,5,4,4,5,3,5,1,1,1,3,2,2,1,4,4,3,4,3,4,5,5,4,6,1,6,3,5,7,7,5,5,5,6,5,5,2,3,7,7,1,Woman,Associate Professor,"STEM (science, technology, engineering, mathematics)",This year,More than 10 years,NA,TRUE,TRUE,TRUE,TRUE,Passed,FALSE
107,3,2,2,4,3,5,5,4,2,4,1,2,2,1,2,2,3,5,5,4,5,5,5,5,5,5,4,4,4,4,3,5,5,5,5,5,3,4,5,3,5,5,5,1,1,1,1,3,1,2,1,5,5,3,5,3,5,4,4,1,2,1,2,5,2,7,7,3,4,4,6,7,7,6,7,4,4,1,Woman,Full Professor,Non-STEM,This year,More than 10 years,NA,TRUE,TRUE,TRUE,TRUE,Passed,FALSE
108,3,1,1,2,2,4,3,1,2,2,2,3,4,3,2,3,3,5,5,4,4,4,5,5,5,5,4,4,3,4,3,2,1,2,5,5,5,3,3,3,4,5,5,1,1,1,3,4,1,1,2,4,4,4,4,4,4,5,5,2,2,2,3,2,3,2,3,2,3,3,6,6,4,6,6,7,6,1,Man,Assistant Professor,Non-STEM,This year,6-10 years,NA,TRUE,TRUE,TRUE,TRUE,Passed,FALSE
109,4,2,2,4,4,4,4,3,2,3,2,4,4,4,3,3,4,5,5,4,3,4,5,5,4,5,3,4,4,4,4,4,4,4,4,2,1,4,4,2,4,3,3,2,1,2,3,3,2,3,3,4,5,3,3,3,4,4,3,5,5,5,3,5,4,5,6,4,4,5,5,3,2,2,3,4,3,1,Woman,Full Professor,"STEM (science, technology, engineering, mathematics)",In the last year,More than 10 years,NA,TRUE,TRUE,TRUE,TRUE,Passed,FALSE
110,2,1,1,2,1,1,3,2,3,2,1,2,3,2,1,4,5,5,5,5,5,5,5,5,5,5,1,2,2,1,2,3,2,2,5,5,4,5,5,3,5,5,5,1,1,2,4,4,1,1,1,4,3,3,4,4,5,5,5,1,1,1,1,1,1,1,2,1,2,2,2,6,6,3,4,7,7,1,Man,Associate Professor,"STEM (science, technology, engineering, mathematics)",This year,More than 10 years,NA,TRUE,TRUE,TRUE,TRUE,Passed,FALSE
111,5,4,3,2,2,4,4,2,3,4,4,4,5,5,4,4,4,5,4,4,4,3,3,3,2,3,4,2,4,4,4,3,3,3,3,3,2,4,4,3,3,4,4,5,1,5,2,3,1,1,2,4,3,2,3,3,3,3,3,2,6,2,NA,3,5,6,6,4,6,5,5,6,6,2,3,6,5,1,Woman,Assistant Professor,"STEM (science, technology, engineering, mathematics)",This year,6-10 years,NA,TRUE,TRUE,TRUE,TRUE,Passed,FALSE
113,4,4,3,4,2,5,5,4,5,4,4,4,4,4,2,5,2,4,5,2,2,3,4,5,2,3,5,4,4,5,2,5,4,5,5,5,3,3,3,2,5,3,4,3,1,4,4,2,1,1,2,3,2,1,3,3,4,3,2,2,2,2,3,2,3,7,7,2,3,5,2,1,3,2,1,5,4,1,Woman,PhD student,"STEM (science, technology, engineering, mathematics)",In the last year,1-5 years,3-4 articles,TRUE,TRUE,TRUE,TRUE,Passed,FALSE
114,3,2,2,3,3,4,5,3,4,3,2,4,3,3,4,4,4,4,4,4,2,3,5,5,5,5,4,4,3,3,4,3,3,4,4,4,2,4,4,2,5,5,5,2,1,2,1,2,1,4,1,4,3,2,4,3,4,4,3,2,2,2,3,2,2,5,2,2,1,2,2,6,6,4,5,5,4,1,Man,Full Professor,Non-STEM,In the last year,More than 10 years,NA,TRUE,TRUE,TRUE,TRUE,Passed,FALSE
115,2,2,1,2,2,4,4,2,1,3,2,4,3,3,3,4,4,4,4,4,4,4,3,3,2,3,2,2,2,2,3,3,3,4,3,3,2,4,4,3,5,5,5,1,1,1,1,2,1,1,1,4,5,5,4,4,5,5,4,1,1,1,1,2,1,1,5,1,1,1,5,6,6,5,7,5,5,1,Woman,Full Professor,Non-STEM,In the last year,More than 10 years,NA,TRUE,TRUE,TRUE,TRUE,Passed,FALSE
116,2,2,2,2,3,4,4,3,2,3,2,2,2,3,4,4,4,5,5,2,4,4,5,5,5,5,2,3,2,2,2,2,3,3,4,4,2,4,4,4,5,5,5,4,1,2,4,4,2,2,2,5,5,4,5,4,5,5,5,3,5,2,3,3,3,2,6,4,2,3,3,6,6,6,6,6,6,1,Man,Assistant Professor,"STEM (science, technology, engineering, mathematics)",This year,More than 10 years,NA,TRUE,TRUE,TRUE,TRUE,Passed,FALSE
118,3,3,4,3,4,5,5,5,1,3,4,4,4,4,2,3,3,3,5,4,4,4,5,5,5,5,4,4,4,4,4,3,3,3,5,5,3,5,5,4,5,5,5,2,3,1,2,3,1,1,2,5,4,4,5,4,4,4,4,2,2,2,2,1,2,3,6,2,4,3,2,5,5,3,3,5,5,1,Woman,Full Professor,"STEM (science, technology, engineering, mathematics)",This year,More than 10 years,NA,TRUE,TRUE,TRUE,TRUE,Passed,FALSE
119,3,2,3,3,2,5,5,5,4,4,3,4,4,4,4,4,4,1,4,2,3,3,4,4,5,4,5,5,4,3,4,5,5,4,1,3,2,2,2,2,4,4,4,1,1,2,3,2,1,1,1,3,5,3,4,2,4,4,4,4,5,4,4,6,5,6,4,2,4,4,4,5,5,2,NA,3,3,1,Woman,This does not apply to me,Non-STEM,This year,More than 10 years,NA,TRUE,TRUE,TRUE,TRUE,Passed,FALSE
120,4,4,2,5,1,3,4,2,3,4,2,4,4,5,5,4,4,5,5,4,4,3,5,4,5,5,4,4,4,4,4,5,4,5,4,2,3,4,4,4,4,4,3,2,1,1,1,2,2,2,2,4,5,3,4,3,4,3,3,2,4,2,3,5,3,6,5,1,6,5,5,6,6,6,5,5,4,1,Woman,Full Professor,"STEM (science, technology, engineering, mathematics)",In the last year,More than 10 years,NA,TRUE,TRUE,TRUE,TRUE,Passed,FALSE
121,4,3,3,2,1,5,4,2,2,3,3,4,4,3,3,3,3,4,5,4,4,4,4,4,4,4,2,4,2,2,3,2,2,2,3,3,3,3,4,4,5,5,5,1,1,1,1,1,1,1,1,5,4,3,3,4,4,4,4,3,2,3,2,2,2,3,2,2,2,2,5,1,1,1,2,6,6,1,Man,Full Professor,"STEM (science, technology, engineering, mathematics)",This year,More than 10 years,NA,TRUE,TRUE,TRUE,TRUE,Passed,FALSE
122,4,4,3,5,4,4,4,4,4,4,4,4,4,3,4,4,4,4,3,2,3,3,1,4,1,3,5,4,5,5,3,3,3,3,3,3,3,4,3,3,4,3,3,1,1,1,3,4,1,4,2,2,3,2,3,2,3,3,3,5,5,5,6,4,4,7,7,5,7,3,7,4,4,2,2,5,4,1,Man,Assistant Professor,"STEM (science, technology, engineering, mathematics)",In the last year,More than 10 years,NA,TRUE,TRUE,TRUE,TRUE,Passed,FALSE
124,3,3,2,1,1,1,1,1,2,1,3,4,2,3,2,4,3,5,5,5,5,5,5,5,4,5,1,1,2,1,2,2,2,2,2,2,2,4,4,3,3,5,3,1,1,1,1,3,1,1,1,4,5,4,4,4,4,4,3,1,2,1,2,2,2,5,6,5,2,4,3,6,6,6,6,6,6,1,Woman,Full Professor,"STEM (science, technology, engineering, mathematics)",This year,More than 10 years,NA,TRUE,TRUE,TRUE,TRUE,Passed,FALSE
125,3,2,1,3,4,2,2,2,1,1,4,5,5,3,4,4,5,5,5,5,5,3,5,5,3,5,1,2,1,1,4,4,3,2,4,4,3,4,4,3,5,5,5,2,3,2,1,4,1,1,1,5,5,5,5,4,5,4,5,2,7,2,3,1,2,2,2,2,6,2,6,3,3,1,1,6,6,0,Woman,Associate Professor,Non-STEM,In the last year,More than 10 years,NA,TRUE,TRUE,TRUE,TRUE,Passed,FALSE
126,2,2,1,3,3,4,3,2,5,4,3,2,3,3,3,4,4,4,3,3,4,4,2,2,2,2,3,4,4,3,3,4,3,4,5,5,3,4,4,2,5,5,5,1,3,2,2,3,1,3,2,4,2,2,4,3,4,4,4,4,5,5,5,5,4,5,1,1,2,2,2,2,2,1,3,6,5,1,Woman,Post Doc,Non-STEM,In the last year,6-10 years,NA,TRUE,TRUE,TRUE,TRUE,Passed,FALSE
128,3,2,1,2,4,4,4,2,3,2,3,3,3,3,3,3,3,4,4,4,2,4,3,2,1,3,1,1,2,2,4,4,4,4,4,3,3,5,5,5,5,5,5,2,1,2,2,2,1,2,2,4,4,3,5,3,5,4,4,4,6,3,5,3,5,7,7,3,5,5,5,6,6,3,5,7,6,1,Woman,Assistant Professor,"STEM (science, technology, engineering, mathematics)",This year,More than 10 years,NA,TRUE,TRUE,TRUE,TRUE,Passed,FALSE
129,3,3,2,3,1,3,4,2,3,2,3,3,3,4,3,2,4,4,4,4,3,4,5,5,4,5,2,2,2,2,4,4,3,3,4,4,2,3,3,2,4,5,4,4,2,3,4,2,3,3,5,3,3,3,4,4,4,4,4,2,2,2,2,2,3,4,2,1,2,2,6,6,6,4,5,4,4,0,Woman,Associate Professor,Non-STEM,In the last year,More than 10 years,NA,TRUE,TRUE,TRUE,TRUE,Passed,FALSE
130,3,2,1,4,4,3,4,4,4,3,5,5,4,5,4,5,4,1,5,5,4,3,5,5,5,5,4,4,3,3,5,2,5,4,3,4,1,3,5,1,2,5,3,1,1,2,3,4,2,3,1,5,4,3,5,4,4,4,3,4,3,4,5,4,3,4,7,2,5,5,7,3,2,6,4,3,3,1,Woman,Associate Professor,Non-STEM,This year,More than 10 years,NA,TRUE,TRUE,TRUE,TRUE,Passed,FALSE
133,4,2,2,3,3,4,4,2,2,4,4,4,2,2,4,2,4,5,5,5,4,5,5,5,5,5,4,5,4,4,3,1,4,5,5,5,4,5,5,3,2,4,3,2,1,1,2,2,1,2,3,4,4,2,4,3,4,4,4,2,6,5,5,6,5,6,6,5,6,5,5,6,6,3,3,5,5,1,Woman,Full Professor,"STEM (science, technology, engineering, mathematics)",This year,More than 10 years,NA,TRUE,TRUE,TRUE,TRUE,Passed,FALSE
136,1,1,1,1,1,1,1,1,1,1,1,4,5,5,4,5,5,5,5,5,5,3,3,3,3,3,2,4,2,2,3,3,2,3,5,5,3,5,5,3,5,4,5,1,1,1,1,1,1,1,1,4,4,4,4,4,4,4,4,5,5,5,5,4,4,4,4,4,4,4,4,4,4,4,4,4,4,1,Woman,This does not apply to me,Non-STEM,This year,Less than 1 year,NA,TRUE,TRUE,TRUE,TRUE,Passed,FALSE
137,3,2,2,3,2,4,4,3,2,4,2,2,4,4,4,4,4,4,4,4,4,4,4,2,2,3,4,4,4,4,3,3,3,3,4,3,3,4,4,3,5,5,4,1,2,4,4,4,1,1,4,4,4,3,4,2,4,4,3,3,5,3,4,3,3,5,5,5,5,5,5,5,5,2,6,2,2,1,Woman,Post Doc,"STEM (science, technology, engineering, mathematics)",This year,6-10 years,NA,TRUE,TRUE,TRUE,TRUE,Passed,FALSE
138,3,3,2,3,2,2,4,1,2,2,3,4,4,3,3,4,4,4,4,4,5,4,4,4,2,3,2,2,3,2,4,4,4,4,4,3,3,5,5,5,3,5,4,2,1,1,3,3,2,2,2,4,4,5,4,4,4,4,5,1,1,1,2,2,2,4,6,2,6,7,6,6,6,2,5,5,6,1,Woman,Associate Professor,"STEM (science, technology, engineering, mathematics)",This year,More than 10 years,NA,TRUE,TRUE,TRUE,TRUE,Passed,FALSE
139,3,2,2,3,3,2,2,1,2,4,2,4,3,4,3,4,2,4,4,4,5,5,5,5,5,5,2,2,2,2,4,4,2,2,2,2,1,4,4,2,2,4,3,1,1,2,2,4,1,1,2,4,5,5,5,4,5,4,3,1,2,1,2,2,1,5,6,2,3,2,2,4,4,4,4,6,6,1,Man,Full Professor,"STEM (science, technology, engineering, mathematics)",This year,More than 10 years,NA,TRUE,TRUE,TRUE,TRUE,Passed,FALSE
142,1,1,2,2,1,3,2,2,1,2,1,1,3,2,3,2,5,5,5,5,5,4,5,5,5,5,1,1,1,1,3,3,2,2,3,3,2,5,4,3,4,5,4,1,2,1,2,3,1,2,1,5,4,3,4,3,4,5,5,1,2,1,2,2,2,2,3,1,2,2,4,5,6,4,4,6,6,NA,Woman,Full Professor,Non-STEM,This year,More than 10 years,NA,TRUE,TRUE,TRUE,TRUE,Passed,FALSE
144,4,4,4,4,3,4,3,4,4,2,4,4,4,5,2,4,2,4,2,4,2,4,2,4,1,3,5,5,4,1,3,3,3,2,2,2,2,4,4,1,5,3,3,1,2,1,4,4,2,2,2,3,3,3,3,3,3,3,3,4,4,4,4,5,4,6,4,4,4,4,4,2,2,4,4,7,7,NA,Man,Associate Professor,"STEM (science, technology, engineering, mathematics)",In the last year,6-10 years,NA,TRUE,TRUE,TRUE,TRUE,Passed,FALSE
148,3,2,1,1,2,4,5,2,3,4,3,4,4,4,2,4,5,4,5,4,2,5,4,4,2,5,4,4,3,4,3,4,3,3,3,4,1,4,4,2,4,5,5,1,1,2,3,3,1,2,4,4,5,4,4,4,4,5,4,2,3,2,4,3,2,5,5,3,3,2,3,3,3,6,6,6,6,NA,Woman,Post Doc,Non-STEM,This year,More than 10 years,NA,TRUE,TRUE,TRUE,TRUE,Passed,FALSE
149,4,3,2,3,5,5,5,3,3,5,3,5,5,5,2,4,3,4,5,5,3,4,3,2,1,4,3,4,4,5,5,4,4,5,4,4,4,3,4,3,4,4,4,2,1,2,4,4,1,2,4,4,3,2,4,3,5,4,3,5,5,4,6,6,5,6,6,1,4,5,6,2,3,3,3,5,5,NA,Woman,Associate Professor,"STEM (science, technology, engineering, mathematics)",This year,More than 10 years,NA,TRUE,TRUE,TRUE,TRUE,Passed,FALSE
150,4,3,3,2,4,5,5,3,2,4,2,5,5,5,3,5,4,5,5,2,3,5,2,4,1,2,3,4,4,4,5,2,5,4,2,4,3,3,3,3,4,5,5,2,2,1,3,2,4,4,4,5,5,3,4,2,3,5,5,NA,6,NA,2,4,1,6,NA,4,2,4,NA,4,4,3,3,7,7,NA,Man,Associate Professor,"STEM (science, technology, engineering, mathematics)",In the last year,More than 10 years,NA,TRUE,TRUE,TRUE,TRUE,Passed,FALSE
152,4,3,2,3,1,5,5,3,4,3,5,5,5,5,5,5,3,4,5,5,2,3,5,5,5,5,5,5,5,5,4,4,4,5,3,2,1,4,5,2,4,5,3,1,1,1,3,2,1,1,1,3,3,2,4,3,4,3,3,1,5,1,2,2,2,5,7,1,4,5,6,5,5,3,4,4,4,NA,Woman,Full Professor,Non-STEM,This year,More than 10 years,NA,TRUE,TRUE,TRUE,TRUE,Passed,FALSE
153,3,2,3,2,3,4,5,3,4,3,1,3,3,3,3,2,5,5,5,4,3,4,5,5,5,5,4,5,5,5,4,3,3,4,5,3,2,3,4,3,5,5,5,3,1,1,2,3,1,1,1,5,4,5,5,5,5,5,4,4,4,4,3,4,2,5,6,2,4,5,5,2,4,3,6,7,5,NA,Woman,Associate Professor,Non-STEM,This year,More than 10 years,NA,TRUE,TRUE,TRUE,TRUE,Passed,FALSE
154,3,4,4,2,4,3,4,3,4,4,4,5,5,5,4,5,3,3,4,4,3,3,3,2,2,3,2,3,2,2,4,4,4,4,3,2,3,3,5,3,4,4,5,2,1,3,2,4,1,2,3,4,4,3,4,4,4,3,3,4,6,5,6,5,6,6,7,4,6,6,7,6,6,6,6,3,3,NA,Woman,Post Doc,Non-STEM,In the last year,6-10 years,NA,TRUE,TRUE,TRUE,TRUE,Passed,FALSE
155,2,2,2,3,1,5,3,2,1,4,4,5,5,2,1,5,5,5,5,5,5,4,5,5,5,5,1,2,1,2,2,3,4,4,5,5,5,3,2,2,5,5,5,1,1,1,1,1,1,1,1,3,5,5,5,5,5,5,5,1,1,1,1,2,1,1,2,2,4,4,6,2,2,1,1,7,7,NA,Man,PhD student,"STEM (science, technology, engineering, mathematics)",This year,1-5 years,3-4 articles,TRUE,TRUE,TRUE,TRUE,Passed,FALSE
156,3,1,1,3,1,3,4,1,2,5,1,4,4,3,4,4,2,4,4,5,5,2,5,4,2,4,5,4,4,5,5,2,5,4,3,3,2,3,3,2,5,3,3,1,1,3,2,5,1,1,2,3,3,2,3,2,3,4,3,3,5,3,3,3,5,7,5,5,5,5,5,5,5,1,3,2,2,NA,Man,Associate Professor,"STEM (science, technology, engineering, mathematics)",This year,More than 10 years,NA,TRUE,TRUE,TRUE,TRUE,Passed,FALSE
157,2,2,2,2,4,4,3,4,3,2,4,4,4,4,5,4,4,4,2,2,4,3,3,4,2,3,3,4,3,4,5,3,3,3,4,3,3,3,4,4,2,4,3,3,1,4,4,4,3,3,3,4,2,2,2,2,2,2,2,5,5,5,2,4,2,5,6,4,2,3,3,3,4,5,5,4,4,NA,Man,PhD student,"STEM (science, technology, engineering, mathematics)",In the last year,1-5 years,1-2 articles,TRUE,TRUE,TRUE,TRUE,Passed,FALSE
158,2,2,2,3,2,3,2,2,2,4,3,4,2,2,2,2,4,5,5,2,4,3,1,1,1,1,1,1,4,1,2,3,3,2,5,2,2,4,5,4,5,5,5,1,3,2,2,5,1,5,2,4,3,1,4,3,4,4,3,2,2,1,3,2,2,4,5,2,2,4,1,4,3,7,7,4,4,NA,Woman,PhD student,"STEM (science, technology, engineering, mathematics)",This year,6-10 years,3-4 articles,TRUE,TRUE,TRUE,TRUE,Passed,FALSE
160,3,2,2,2,2,2,4,2,2,2,4,4,4,5,3,4,4,5,5,4,5,4,3,3,2,2,1,2,1,1,4,4,3,3,5,5,4,5,4,3,4,4,4,1,1,1,1,3,1,1,3,4,4,4,4,5,5,3,4,2,2,2,3,2,2,4,6,2,5,6,5,6,6,6,6,6,4,NA,Woman,Post Doc,Non-STEM,This year,6-10 years,NA,TRUE,TRUE,TRUE,TRUE,Passed,FALSE
161,2,2,1,3,2,2,2,2,2,4,2,3,4,3,3,4,4,4,3,4,5,4,4,3,2,4,3,4,4,2,2,4,2,3,3,3,2,4,4,2,3,4,3,1,2,2,2,4,2,3,2,3,3,3,3,4,4,3,3,2,2,2,4,2,2,2,5,2,2,2,3,4,5,5,5,4,4,NA,Woman,Post Doc,Non-STEM,This year,6-10 years,NA,TRUE,TRUE,TRUE,TRUE,Passed,FALSE
162,3,2,2,3,2,2,2,2,2,4,2,2,2,2,2,2,4,4,4,4,4,4,4,4,4,4,1,4,2,2,3,3,2,2,5,5,4,5,5,4,5,5,5,1,1,1,2,3,1,2,2,4,4,3,3,4,4,4,4,1,2,1,2,2,2,3,3,1,2,1,6,6,6,6,6,6,6,NA,Woman,PhD student,"STEM (science, technology, engineering, mathematics)",This year,1-5 years,1-2 articles,TRUE,TRUE,TRUE,TRUE,Passed,FALSE
163,3,1,2,2,4,4,4,2,2,4,3,4,4,3,3,2,3,3,4,3,2,4,5,5,3,4,2,2,3,2,4,3,3,2,3,4,3,4,4,3,4,4,4,3,1,3,2,3,2,3,2,5,5,4,4,3,4,4,5,2,4,2,3,2,3,5,6,2,2,3,3,6,6,4,4,3,3,NA,Man,Associate Professor,"STEM (science, technology, engineering, mathematics)",This year,More than 10 years,NA,TRUE,TRUE,TRUE,TRUE,Passed,FALSE
164,4,3,1,3,2,4,3,4,2,4,4,4,4,4,4,4,4,4,5,3,4,4,5,5,5,5,4,4,4,4,3,4,3,2,3,4,2,4,4,4,4,4,4,2,2,2,4,4,2,1,3,4,5,3,4,4,4,4,4,1,1,1,4,1,2,2,2,1,3,2,6,6,6,2,4,4,4,NA,Woman,Associate Professor,Non-STEM,This year,More than 10 years,NA,TRUE,TRUE,TRUE,TRUE,Passed,FALSE
165,3,2,2,4,1,1,4,1,1,1,1,4,5,2,2,2,2,4,5,5,5,4,2,3,2,2,3,2,4,2,3,3,3,4,4,4,3,4,4,4,3,4,3,1,1,1,1,1,2,2,1,5,5,5,5,4,5,5,5,4,6,5,3,2,2,4,6,4,3,4,3,5,5,1,2,3,2,NA,Man,Assistant Professor,"STEM (science, technology, engineering, mathematics)",This year,6-10 years,NA,TRUE,TRUE,TRUE,TRUE,Passed,FALSE
166,4,3,3,3,2,5,4,2,5,4,2,4,4,4,2,5,3,4,2,3,4,4,3,3,2,4,5,4,5,5,5,4,3,3,5,4,5,3,4,4,4,5,4,5,3,1,2,2,1,3,1,3,3,1,1,2,3,4,4,5,7,5,6,6,4,4,6,1,3,2,2,3,4,4,7,6,6,NA,Woman,PhD student,"STEM (science, technology, engineering, mathematics)",This year,1-5 years,More than 4 articles,TRUE,TRUE,TRUE,TRUE,Passed,FALSE
167,2,2,2,2,1,3,4,2,3,2,2,4,3,4,3,4,5,5,4,5,4,5,4,4,3,5,2,4,2,2,3,3,2,2,3,4,3,4,4,3,4,4,4,1,1,2,5,3,2,2,4,4,5,4,5,4,5,4,4,6,5,2,5,3,4,5,4,1,4,3,3,5,5,5,7,6,5,NA,Woman,Associate Professor,"STEM (science, technology, engineering, mathematics)",In the last year,More than 10 years,NA,TRUE,TRUE,TRUE,TRUE,Passed,FALSE
168,2,2,1,2,2,3,4,2,2,3,3,4,3,4,2,3,4,5,4,4,5,4,5,5,5,5,1,2,2,2,4,2,2,3,5,5,5,4,4,4,3,4,3,2,1,2,3,4,2,2,2,4,4,2,4,4,4,5,5,2,2,2,2,2,2,5,6,3,6,6,6,6,6,5,5,5,5,NA,Woman,Associate Professor,Non-STEM,This year,6-10 years,NA,TRUE,TRUE,TRUE,TRUE,Passed,FALSE
169,2,2,2,2,2,2,4,2,3,2,2,2,3,3,4,3,4,4,4,4,4,4,5,4,5,5,2,2,2,2,3,2,3,2,3,3,3,4,4,4,3,4,3,1,1,1,1,1,1,1,1,4,4,3,4,3,4,5,5,2,2,2,3,2,3,5,5,2,3,3,6,3,3,6,6,6,6,NA,Woman,Post Doc,Non-STEM,This year,1-5 years,NA,TRUE,TRUE,TRUE,TRUE,Passed,FALSE
170,3,2,2,3,2,4,2,2,2,2,4,4,4,4,4,4,4,4,4,4,2,3,5,5,5,5,4,4,2,4,3,3,2,2,3,4,1,4,3,1,4,4,4,1,1,2,4,4,1,2,1,4,5,4,4,4,5,4,3,2,2,2,4,2,2,2,3,2,2,2,2,5,5,6,6,5,4,NA,Man,Associate Professor,"STEM (science, technology, engineering, mathematics)",In the last year,More than 10 years,NA,TRUE,TRUE,TRUE,TRUE,Passed,FALSE
171,3,3,3,4,4,5,5,5,4,4,4,4,3,4,3,3,3,3,4,2,2,3,4,4,3,4,4,4,4,4,4,5,5,4,1,1,1,2,2,2,2,3,2,3,2,2,2,4,2,3,3,3,4,2,3,2,3,3,3,4,5,3,5,4,5,5,6,4,5,5,6,5,2,2,2,2,1,NA,Woman,Associate Professor,Non-STEM,This year,More than 10 years,NA,TRUE,TRUE,TRUE,TRUE,Passed,FALSE
172,5,5,3,3,4,5,5,5,4,4,5,5,5,5,2,5,3,3,4,1,4,4,3,3,2,2,3,4,4,4,4,4,4,4,3,3,3,3,3,3,4,4,4,1,1,1,1,1,1,1,1,4,3,2,3,2,4,2,2,3,5,2,4,6,5,5,6,2,5,4,5,1,1,5,5,1,1,NA,Woman,Assistant Professor,Non-STEM,This year,More than 10 years,NA,TRUE,TRUE,TRUE,TRUE,Passed,FALSE
174,3,2,2,3,2,3,3,2,2,2,2,4,4,4,2,4,4,5,4,3,4,4,3,3,3,3,1,2,2,2,4,3,4,2,4,5,4,4,4,4,5,4,4,5,2,2,3,3,1,1,2,4,4,4,4,3,4,3,3,3,4,3,3,3,4,2,3,2,2,3,3,5,5,4,4,5,4,NA,Man,PhD student,"STEM (science, technology, engineering, mathematics)",This year,1-5 years,1-2 articles,TRUE,TRUE,TRUE,TRUE,Passed,FALSE
175,1,2,2,2,1,1,2,1,2,1,2,3,3,1,3,1,4,4,5,5,5,5,5,5,4,5,2,2,2,2,2,2,2,2,4,3,2,3,3,3,5,4,4,1,1,1,2,2,1,1,1,3,4,3,4,4,5,4,4,2,2,2,3,3,2,5,6,4,5,3,5,7,7,5,6,6,7,NA,Man,Full Professor,"STEM (science, technology, engineering, mathematics)",This year,More than 10 years,NA,TRUE,TRUE,TRUE,TRUE,Passed,FALSE
176,3,2,3,2,2,4,3,2,2,3,4,4,4,4,3,4,3,2,5,3,4,4,4,4,3,4,2,2,2,2,5,3,3,3,4,4,2,4,4,3,3,4,3,2,2,4,2,5,1,2,4,4,3,3,3,4,4,4,4,3,5,3,3,3,3,6,6,5,6,5,6,5,5,3,3,5,5,NA,Woman,Associate Professor,Non-STEM,In the last year,More than 10 years,NA,TRUE,TRUE,TRUE,TRUE,Passed,FALSE
177,4,2,3,4,2,5,5,4,1,4,5,3,5,3,3,3,4,5,5,5,4,4,3,3,3,3,5,5,5,5,5,4,5,1,3,3,2,3,3,3,5,5,5,1,1,1,5,3,1,3,1,5,4,4,4,4,3,5,5,4,6,4,4,3,5,6,4,4,6,3,4,2,2,2,2,5,5,NA,Man,Full Professor,"STEM (science, technology, engineering, mathematics)",This year,More than 10 years,NA,TRUE,TRUE,TRUE,TRUE,Passed,FALSE
178,2,3,2,4,1,1,4,1,4,2,1,1,1,2,1,5,5,5,4,5,5,5,1,1,1,1,1,1,1,1,2,3,4,2,5,5,5,5,5,5,3,5,4,1,1,1,1,1,1,1,1,5,5,5,5,5,5,5,5,1,2,6,2,1,2,1,1,1,6,2,7,1,1,1,5,3,3,NA,Woman,Post Doc,"STEM (science, technology, engineering, mathematics)",This year,1-5 years,NA,TRUE,TRUE,TRUE,TRUE,Passed,FALSE
179,3,3,2,3,1,2,3,2,3,3,4,3,3,3,2,3,3,4,5,4,3,4,4,4,3,4,3,4,2,3,3,2,3,3,3,3,3,3,3,3,4,4,3,4,3,3,4,2,2,2,3,3,3,3,3,3,3,3,3,4,4,4,4,4,4,4,4,4,4,4,4,3,3,1,1,4,5,NA,Woman,Full Professor,"STEM (science, technology, engineering, mathematics)",This year,More than 10 years,NA,TRUE,TRUE,TRUE,TRUE,Passed,FALSE
180,4,4,2,2,3,2,4,4,2,5,5,5,5,5,3,5,3,4,4,4,3,3,4,4,3,4,3,3,4,4,4,4,3,4,1,1,2,4,4,4,3,4,3,1,1,1,3,2,1,3,2,2,2,3,2,3,3,2,1,5,7,4,4,6,6,7,6,5,6,2,4,1,1,2,6,4,4,NA,Woman,This does not apply to me,"STEM (science, technology, engineering, mathematics)",This year,More than 10 years,NA,TRUE,TRUE,TRUE,TRUE,Passed,FALSE
181,2,2,2,2,2,2,2,2,2,5,3,3,3,4,2,4,5,5,5,5,5,5,5,5,4,4,4,4,4,4,2,2,2,2,5,5,3,5,5,3,5,5,5,1,1,5,3,4,1,3,3,2,5,4,2,3,4,5,5,2,3,2,2,3,2,3,3,2,6,2,6,3,3,4,4,5,5,NA,Woman,Assistant Professor,Non-STEM,In the last year,6-10 years,NA,TRUE,TRUE,TRUE,TRUE,Passed,FALSE
182,3,3,2,2,2,4,5,2,3,2,2,2,3,3,2,5,3,4,3,3,4,3,4,4,4,4,2,2,3,3,4,4,4,4,4,4,2,4,4,3,4,4,4,1,1,2,2,2,1,2,2,4,3,3,4,4,4,4,4,4,5,4,5,3,6,4,6,2,6,5,5,7,7,3,4,5,5,NA,Man,Full Professor,Non-STEM,This year,More than 10 years,NA,TRUE,TRUE,TRUE,TRUE,Passed,FALSE
183,2,2,1,2,1,1,1,1,2,2,1,3,4,4,2,5,5,5,5,5,5,5,3,3,2,3,2,2,2,2,2,1,2,2,5,5,3,4,5,3,4,4,4,1,1,1,1,4,1,1,1,4,4,4,4,5,5,3,3,1,2,1,2,1,2,1,1,1,1,1,2,5,5,6,6,6,6,NA,Man,PhD student,"STEM (science, technology, engineering, mathematics)",In the last year,1-5 years,1-2 articles,TRUE,TRUE,TRUE,TRUE,Passed,FALSE
184,4,4,2,2,1,2,4,2,1,4,2,5,3,3,2,4,1,2,5,5,5,4,5,5,5,5,4,4,4,4,5,4,3,3,2,1,1,2,2,2,5,5,5,1,1,1,1,1,1,1,1,5,5,4,5,4,5,4,4,1,1,1,2,2,2,1,5,1,3,5,7,6,6,6,5,6,6,NA,Woman,Associate Professor,Non-STEM,This year,More than 10 years,NA,TRUE,TRUE,TRUE,TRUE,Passed,FALSE
185,2,1,3,2,2,4,4,2,2,2,2,3,4,3,2,5,4,4,4,4,4,2,5,5,4,5,2,3,2,2,4,4,4,3,5,4,2,4,3,2,4,5,4,2,2,2,3,2,1,1,2,4,4,4,4,4,5,4,4,2,2,2,2,3,2,2,6,2,6,5,6,6,6,6,5,7,6,NA,Man,Full Professor,Non-STEM,This year,More than 10 years,NA,TRUE,TRUE,TRUE,TRUE,Passed,FALSE
187,2,2,1,2,1,1,2,2,4,2,2,5,4,2,3,1,4,4,5,4,4,4,5,5,5,5,2,2,2,2,3,3,3,3,2,1,1,2,2,2,3,4,3,3,1,1,2,3,1,1,2,4,5,4,5,5,5,4,4,5,2,4,4,2,2,4,4,2,4,6,4,3,3,2,2,6,6,NA,Man,Full Professor,"STEM (science, technology, engineering, mathematics)",This year,More than 10 years,NA,TRUE,TRUE,TRUE,TRUE,Passed,FALSE
188,4,4,2,3,4,5,5,5,4,2,5,5,5,5,2,5,2,4,2,1,2,1,3,3,2,4,4,4,4,4,4,5,5,4,2,3,4,3,4,2,4,5,4,1,1,2,2,2,1,3,2,3,2,2,3,3,4,3,2,5,5,5,2,6,3,3,7,5,6,7,7,4,3,2,4,2,2,NA,Man,Associate Professor,Non-STEM,This year,More than 10 years,NA,TRUE,TRUE,TRUE,TRUE,Passed,FALSE
189,2,2,1,2,2,4,1,3,2,4,3,4,4,4,2,3,5,4,5,3,4,4,4,4,2,4,1,2,2,2,3,2,2,2,1,1,1,3,3,2,4,4,3,2,1,3,3,2,2,4,4,4,5,4,5,5,4,4,3,5,5,5,6,7,6,2,5,1,1,4,3,5,6,2,4,5,5,NA,Man,Full Professor,Non-STEM,In the last year,More than 10 years,NA,TRUE,TRUE,TRUE,TRUE,Passed,FALSE
190,3,3,2,3,1,1,1,1,2,1,3,5,5,4,4,5,4,5,5,5,4,5,5,5,5,5,2,2,2,2,3,2,3,2,5,5,3,5,5,4,4,4,4,1,1,1,1,2,1,1,1,4,5,4,5,5,4,3,4,3,6,2,2,2,4,5,7,4,2,4,5,5,5,6,6,5,5,NA,Man,Associate Professor,"STEM (science, technology, engineering, mathematics)",This year,More than 10 years,NA,TRUE,TRUE,TRUE,TRUE,Passed,FALSE
191,3,3,3,4,4,4,4,4,3,4,1,5,4,2,4,3,1,3,4,3,3,2,3,3,3,3,5,5,5,5,5,5,5,5,2,2,1,4,4,4,4,3,3,1,1,1,2,4,1,1,2,4,1,1,3,3,3,4,4,5,6,5,6,6,6,6,6,6,2,6,6,5,5,5,3,5,5,NA,Woman,PhD student,Non-STEM,This year,1-5 years,1-2 articles,TRUE,TRUE,TRUE,TRUE,Passed,FALSE
192,4,4,3,4,4,4,3,4,2,4,4,3,3,2,3,4,4,4,5,4,4,4,1,1,1,2,5,5,5,5,3,3,4,3,2,2,2,3,4,3,5,5,4,5,2,2,4,4,3,2,1,4,3,3,4,3,4,3,3,2,2,2,4,3,2,5,2,2,2,2,2,2,1,3,4,3,3,NA,Man,PhD student,Non-STEM,This year,1-5 years,I don't know/ This does not apply to me/ 0 articles,TRUE,TRUE,TRUE,TRUE,Passed,FALSE
193,3,3,2,2,2,2,2,1,2,2,4,4,4,4,2,3,4,4,5,5,4,4,5,5,5,5,2,4,3,2,3,4,4,4,5,5,4,5,5,3,4,5,4,1,1,1,2,2,1,1,1,4,4,4,4,4,4,4,4,2,2,1,2,2,2,5,6,2,5,4,6,7,7,6,6,5,5,NA,Woman,Full Professor,Non-STEM,This year,More than 10 years,NA,TRUE,TRUE,TRUE,TRUE,Passed,FALSE
194,5,4,3,3,3,5,5,3,5,5,5,5,5,5,4,5,3,4,3,2,3,5,3,3,2,3,5,5,5,5,5,4,4,4,2,2,2,5,5,5,4,5,4,2,2,2,4,4,1,1,1,2,1,2,3,3,4,3,3,3,4,3,4,7,2,6,7,7,6,5,4,1,1,1,2,4,3,NA,Woman,Assistant Professor,"STEM (science, technology, engineering, mathematics)",This year,6-10 years,NA,TRUE,TRUE,TRUE,TRUE,Passed,FALSE
195,4,3,3,4,3,3,4,3,3,4,3,3,4,4,3,4,3,4,5,4,4,3,4,4,4,5,4,5,4,4,4,4,3,3,4,2,2,3,4,3,3,4,3,2,1,1,4,4,2,2,3,3,4,3,4,4,5,3,3,2,2,1,2,2,2,5,6,2,6,3,5,6,6,5,5,4,4,NA,Man,Full Professor,Non-STEM,This year,More than 10 years,NA,TRUE,TRUE,TRUE,TRUE,Passed,FALSE
196,4,3,1,4,5,4,5,5,3,5,3,3,3,3,3,3,5,5,2,4,2,2,3,2,1,3,4,4,4,4,5,4,4,4,5,5,3,4,4,3,5,3,4,1,1,3,2,2,1,2,1,3,2,2,3,3,4,3,3,2,3,2,3,3,2,5,7,1,5,4,4,2,1,6,4,5,5,NA,Woman,PhD student,"STEM (science, technology, engineering, mathematics)",In the last year,1-5 years,1-2 articles,TRUE,TRUE,TRUE,TRUE,Passed,FALSE
197,3,3,2,4,4,5,5,4,4,4,5,5,5,5,3,5,4,3,5,4,1,3,5,5,2,4,1,2,2,2,4,1,5,5,4,3,2,4,4,2,4,4,4,1,1,1,1,4,1,1,1,4,3,2,4,2,4,4,4,5,5,4,5,5,5,7,6,4,7,6,7,6,6,2,2,6,6,NA,Man,Full Professor,"STEM (science, technology, engineering, mathematics)",This year,More than 10 years,NA,TRUE,TRUE,TRUE,TRUE,Passed,FALSE
198,4,3,2,3,1,4,5,3,4,3,1,4,4,5,3,4,3,4,5,3,3,3,5,5,5,5,4,4,4,4,5,3,5,4,5,5,3,4,5,3,4,4,4,1,1,2,1,2,1,1,1,4,4,3,4,4,4,4,4,2,3,1,4,2,3,4,5,1,4,5,5,7,7,5,6,6,5,NA,Woman,Full Professor,Non-STEM,This year,More than 10 years,NA,TRUE,TRUE,TRUE,TRUE,Passed,FALSE
199,4,3,2,4,4,4,2,2,2,4,3,4,4,4,2,4,3,4,3,3,3,3,4,3,1,3,3,4,3,3,3,4,3,1,2,3,2,3,4,3,5,5,5,1,1,3,2,4,3,2,2,4,4,3,4,4,4,4,3,5,6,5,4,6,6,4,5,3,5,5,4,2,2,2,4,3,3,NA,Woman,PhD student,Non-STEM,This year,1-5 years,1-2 articles,TRUE,TRUE,TRUE,TRUE,Passed,FALSE
200,5,4,2,4,5,4,3,4,4,5,4,2,3,5,2,5,4,5,2,4,1,3,1,1,1,1,5,5,4,5,3,3,4,3,2,3,3,4,4,3,4,4,4,2,1,2,2,4,1,1,3,2,1,2,4,4,4,4,4,2,2,2,3,2,2,6,3,7,2,6,4,2,2,2,5,4,4,NA,Prefer not to say,PhD student,Non-STEM,In the last year,6-10 years,More than 4 articles,TRUE,TRUE,TRUE,TRUE,Passed,FALSE
202,2,3,2,2,1,4,1,2,4,2,2,5,4,4,2,4,5,5,4,5,5,4,2,2,1,2,1,1,1,1,2,4,2,2,5,5,4,5,5,3,4,4,4,2,2,4,4,5,2,2,4,4,5,3,4,5,5,4,4,1,3,1,3,1,3,3,5,2,3,3,3,6,6,5,7,7,6,NA,Woman,Associate Professor,"STEM (science, technology, engineering, mathematics)",This year,More than 10 years,NA,TRUE,TRUE,TRUE,TRUE,Passed,FALSE
203,3,3,1,3,2,1,4,1,2,1,4,2,5,5,1,5,4,4,4,4,5,2,5,2,1,2,1,1,4,1,2,4,2,3,5,5,4,5,5,4,5,5,4,1,1,4,2,5,1,3,2,5,4,5,5,5,5,3,3,1,2,1,2,2,2,5,6,1,5,3,5,4,4,3,6,3,3,NA,Man,Post Doc,"STEM (science, technology, engineering, mathematics)",This year,6-10 years,NA,TRUE,TRUE,TRUE,TRUE,Passed,FALSE
204,3,3,2,3,3,4,4,2,4,4,3,4,3,3,4,3,4,4,4,3,4,4,4,3,3,4,4,4,4,4,4,3,3,4,2,2,2,2,3,3,4,4,4,3,1,2,4,3,2,2,1,4,4,2,4,3,4,4,3,4,5,4,5,3,4,6,6,4,4,6,5,4,5,6,5,6,6,NA,Woman,Full Professor,"STEM (science, technology, engineering, mathematics)",This year,More than 10 years,NA,TRUE,TRUE,TRUE,TRUE,Passed,FALSE
205,4,3,2,1,4,5,3,2,3,3,2,3,2,3,2,1,2,3,2,4,1,4,4,3,2,4,2,4,3,3,3,2,3,3,3,3,3,4,3,3,4,4,3,3,4,3,3,3,2,2,3,4,3,4,4,4,2,3,4,4,6,3,3,3,4,5,6,2,5,4,2,2,2,1,1,3,2,NA,Man,Associate Professor,Non-STEM,In the last 10 years,6-10 years,NA,TRUE,TRUE,TRUE,TRUE,Passed,FALSE
206,3,3,1,4,4,4,4,4,4,4,2,4,4,5,4,5,5,4,2,2,3,2,3,1,1,2,4,4,4,4,5,5,5,5,3,3,2,4,4,2,5,4,3,1,1,2,3,4,2,3,4,3,2,4,4,2,5,4,3,7,7,7,7,6,7,5,5,2,1,6,6,7,7,3,5,3,2,NA,Woman,Post Doc,Non-STEM,In the last year,6-10 years,NA,TRUE,TRUE,TRUE,TRUE,Passed,FALSE
207,2,3,1,2,2,1,2,2,2,1,2,3,3,4,3,4,5,5,4,3,4,4,4,4,4,4,1,1,1,1,2,2,2,2,5,5,5,5,5,5,5,5,5,2,1,3,4,3,2,3,3,4,4,3,4,5,4,3,3,3,3,3,3,3,3,3,5,4,3,4,4,5,5,5,6,3,3,NA,Woman,PhD student,"STEM (science, technology, engineering, mathematics)",This year,1-5 years,1-2 articles,TRUE,TRUE,TRUE,TRUE,Passed,FALSE
208,2,2,2,3,4,4,5,2,3,4,4,4,3,3,3,3,4,4,4,4,4,4,4,4,4,4,4,5,4,4,2,3,3,4,4,5,4,4,4,4,4,4,4,1,1,1,1,4,1,1,4,4,4,3,3,3,4,4,4,3,5,3,3,3,3,5,5,3,3,3,3,3,3,2,5,6,5,NA,Woman,PhD student,Non-STEM,This year,1-5 years,3-4 articles,TRUE,TRUE,TRUE,TRUE,Passed,FALSE
209,3,2,1,2,4,2,3,2,2,1,4,4,5,4,2,5,5,5,4,5,5,5,5,5,5,5,1,1,1,1,2,3,2,2,3,2,1,4,3,3,5,5,4,1,1,2,1,4,1,1,1,5,4,3,5,5,5,4,5,2,2,1,2,2,2,1,6,1,6,2,2,5,5,5,6,6,5,NA,Man,Post Doc,"STEM (science, technology, engineering, mathematics)",This year,More than 10 years,NA,TRUE,TRUE,TRUE,TRUE,Passed,FALSE
210,3,3,3,2,3,2,2,2,2,2,3,4,4,4,4,4,4,4,4,4,3,4,5,5,5,5,3,4,3,3,2,2,2,2,4,4,2,3,3,2,4,4,4,2,1,1,2,1,1,1,1,4,4,3,4,4,4,4,4,2,6,2,3,3,2,5,5,2,2,2,2,6,6,2,2,5,4,NA,Man,Full Professor,"STEM (science, technology, engineering, mathematics)",This year,More than 10 years,NA,TRUE,TRUE,TRUE,TRUE,Passed,FALSE
211,3,3,2,2,1,1,4,4,2,4,4,5,5,5,2,5,4,5,1,1,4,1,4,3,2,4,2,4,2,2,5,4,4,1,4,5,4,5,5,3,1,3,3,2,3,2,4,2,1,2,2,1,1,3,2,3,4,3,3,2,6,3,3,2,3,2,2,1,2,3,6,3,3,5,6,4,2,NA,Woman,PhD student,"STEM (science, technology, engineering, mathematics)",In the last year,1-5 years,3-4 articles,TRUE,TRUE,TRUE,TRUE,Passed,FALSE
213,3,3,3,3,4,5,4,3,3,4,4,4,3,4,2,4,3,3,4,4,3,4,4,4,2,4,3,4,4,4,5,4,4,3,3,3,3,3,3,2,5,3,4,3,2,2,4,4,1,2,4,4,4,3,4,4,4,4,3,2,3,6,2,2,3,5,7,3,3,6,6,6,6,6,3,3,4,NA,Woman,Assistant Professor,"STEM (science, technology, engineering, mathematics)",This year,More than 10 years,NA,TRUE,TRUE,TRUE,TRUE,Passed,FALSE
215,1,1,1,1,1,2,2,1,1,1,2,3,3,2,4,3,5,5,5,4,3,5,5,5,5,5,1,1,1,1,2,2,2,2,5,5,3,5,5,3,4,5,4,1,1,1,1,3,1,1,1,5,4,5,5,4,5,5,5,1,1,1,2,1,1,1,2,1,1,2,2,6,6,6,6,7,7,NA,Woman,Full Professor,Non-STEM,This year,More than 10 years,NA,TRUE,TRUE,TRUE,TRUE,Passed,FALSE
216,3,1,1,1,1,1,2,2,1,2,3,4,4,2,2,4,5,5,5,5,5,5,5,5,5,5,3,2,3,3,3,2,2,2,5,2,2,3,5,3,5,5,5,1,1,1,1,1,1,1,1,5,5,4,4,4,5,5,5,1,1,1,1,1,1,4,7,1,3,5,6,6,6,2,3,6,5,NA,Man,Associate Professor,Non-STEM,This year,More than 10 years,NA,TRUE,TRUE,TRUE,TRUE,Passed,FALSE
219,2,2,1,3,3,4,5,5,4,4,5,5,5,5,1,5,5,5,3,2,1,4,1,1,2,2,4,5,5,5,4,4,5,5,4,3,3,3,3,3,5,5,4,1,1,1,1,1,1,1,1,4,4,2,3,2,2,4,4,4,6,4,6,6,6,6,7,2,6,4,7,4,4,3,4,4,3,NA,Man,Full Professor,Non-STEM,This year,More than 10 years,NA,TRUE,TRUE,TRUE,TRUE,Passed,FALSE
220,3,2,2,2,1,2,1,1,1,3,3,5,4,5,2,5,5,5,5,5,5,5,5,5,5,5,4,5,4,4,3,2,2,2,5,5,2,5,4,2,5,5,5,1,1,1,2,3,1,2,2,5,5,4,5,5,5,4,4,2,2,2,2,2,2,6,5,1,2,7,5,6,6,4,6,6,6,NA,Man,Full Professor,Non-STEM,In the last year,More than 10 years,NA,TRUE,TRUE,TRUE,TRUE,Passed,FALSE
221,2,1,2,2,3,1,5,3,4,1,4,4,5,4,3,5,3,4,4,3,5,2,3,3,3,4,2,1,2,2,2,4,4,3,3,3,2,4,4,3,4,4,4,1,1,1,4,3,1,1,1,3,4,3,3,3,4,4,4,2,5,2,4,5,2,2,6,3,5,6,5,5,5,4,4,5,5,NA,Man,This does not apply to me,Non-STEM,This year,6-10 years,NA,TRUE,TRUE,TRUE,TRUE,Passed,FALSE
222,3,2,1,3,4,4,2,2,2,4,4,4,4,4,4,5,4,5,5,4,4,4,4,2,2,3,1,1,2,2,4,4,4,2,5,5,5,5,5,5,4,4,4,1,1,1,1,2,1,1,1,5,5,4,5,3,4,4,3,5,5,6,6,3,5,2,3,3,5,3,6,3,5,3,5,3,2,NA,Man,PhD student,Non-STEM,This year,1-5 years,3-4 articles,TRUE,TRUE,TRUE,TRUE,Passed,FALSE
227,3,3,4,4,3,4,2,2,4,4,4,4,3,4,3,4,3,4,4,4,4,2,5,4,2,5,5,4,5,5,2,2,2,3,4,3,3,3,4,4,4,4,4,5,2,4,4,2,4,4,4,5,5,4,5,5,5,5,5,1,6,2,3,2,5,5,7,1,6,5,5,5,5,3,3,5,5,NA,Woman,Assistant Professor,Non-STEM,This year,6-10 years,NA,TRUE,TRUE,TRUE,TRUE,Passed,FALSE
228,2,2,2,2,2,2,2,2,2,2,2,3,4,3,2,3,4,4,4,4,4,4,4,4,4,4,2,2,2,2,2,2,2,2,4,3,3,4,4,2,3,4,3,1,1,1,1,2,2,1,1,4,4,3,4,4,4,4,4,1,2,1,2,2,2,2,2,1,2,2,2,6,6,4,4,4,4,NA,Woman,Associate Professor,"STEM (science, technology, engineering, mathematics)",This year,More than 10 years,NA,TRUE,TRUE,TRUE,TRUE,Passed,FALSE
229,1,1,2,2,2,5,5,2,4,1,1,1,1,5,1,5,5,5,5,5,5,4,3,3,2,2,5,5,4,5,5,5,5,5,5,5,2,5,5,5,4,5,5,1,1,1,1,1,1,1,1,4,4,3,5,5,5,4,4,6,5,6,5,2,5,2,7,1,1,5,6,1,2,1,7,5,5,NA,Woman,Assistant Professor,Non-STEM,This year,6-10 years,NA,TRUE,TRUE,TRUE,TRUE,Passed,FALSE
230,4,2,3,3,2,4,4,3,2,2,3,5,5,5,4,5,4,4,4,3,3,3,4,4,2,4,2,4,4,4,4,4,4,3,5,5,4,4,5,5,4,4,5,1,1,1,1,1,1,1,2,4,3,3,4,4,4,4,4,3,5,3,5,5,5,2,4,3,5,4,4,5,5,5,5,6,6,NA,Man,PhD student,Non-STEM,This year,1-5 years,3-4 articles,TRUE,TRUE,TRUE,TRUE,Passed,FALSE
231,4,3,3,4,2,2,4,3,2,4,5,5,4,5,3,5,3,5,5,4,5,4,5,4,2,5,2,2,2,2,4,3,4,4,5,5,3,5,5,4,4,5,5,1,1,1,2,2,1,2,1,5,5,4,5,3,5,3,3,1,5,1,5,7,2,2,7,1,5,4,6,7,7,1,5,5,5,NA,Woman,Assistant Professor,"STEM (science, technology, engineering, mathematics)",In the last year,6-10 years,NA,TRUE,TRUE,TRUE,TRUE,Passed,FALSE
232,3,1,2,2,2,5,5,1,1,3,3,4,4,5,2,5,4,4,5,4,5,4,5,5,5,5,3,4,3,3,4,4,4,5,3,3,2,4,4,4,5,5,5,1,1,1,3,3,1,1,1,5,5,3,5,3,5,5,5,6,7,5,5,7,7,7,6,2,4,4,4,7,7,2,2,5,5,NA,Man,Full Professor,"STEM (science, technology, engineering, mathematics)",This year,More than 10 years,NA,TRUE,TRUE,TRUE,TRUE,Passed,FALSE
233,2,1,2,1,2,1,4,1,2,2,1,4,3,5,3,5,4,5,4,5,5,5,3,3,2,3,2,2,2,2,3,1,2,2,5,5,4,5,5,4,5,5,5,1,1,3,3,2,1,2,3,5,5,4,5,5,5,5,5,2,2,2,1,3,2,3,2,1,2,2,2,2,2,2,4,5,5,NA,Man,Post Doc,"STEM (science, technology, engineering, mathematics)",This year,More than 10 years,NA,TRUE,TRUE,TRUE,TRUE,Passed,FALSE
234,4,3,2,3,1,2,5,3,2,4,2,5,5,3,2,4,5,5,5,5,3,5,5,5,5,5,2,2,2,2,3,3,3,3,5,5,4,4,5,3,4,4,4,1,1,1,2,2,1,2,3,5,5,4,5,4,5,4,4,3,5,5,4,5,2,6,7,2,5,6,6,3,4,6,5,6,5,NA,Man,Associate Professor,"STEM (science, technology, engineering, mathematics)",This year,More than 10 years,NA,TRUE,TRUE,TRUE,TRUE,Passed,FALSE
235,2,2,2,3,3,2,2,2,1,2,1,1,2,2,2,2,4,5,5,4,4,5,5,5,5,5,1,2,1,2,2,2,3,2,5,5,5,5,5,4,5,5,5,1,1,2,1,1,1,2,2,5,4,3,4,4,5,4,4,1,2,1,3,3,3,2,5,1,6,4,6,6,6,6,6,6,4,NA,Man,Post Doc,Non-STEM,This year,1-5 years,NA,TRUE,TRUE,TRUE,TRUE,Passed,FALSE
236,2,2,1,1,2,2,2,2,2,3,2,5,5,5,5,4,5,5,5,4,4,5,5,4,3,5,2,1,1,1,4,4,4,4,4,4,2,5,5,5,5,5,5,2,1,3,3,3,1,3,1,5,3,3,5,5,5,5,5,1,3,1,2,2,2,5,5,4,5,5,5,4,4,5,6,6,6,NA,Man,Associate Professor,Non-STEM,In the last year,More than 10 years,NA,TRUE,TRUE,TRUE,TRUE,Passed,FALSE
238,3,2,2,2,2,2,4,2,2,2,2,4,3,2,2,2,3,4,4,4,5,5,5,5,5,5,4,4,4,4,3,3,2,2,5,5,5,3,3,2,5,5,5,1,1,1,1,2,1,1,1,5,4,3,4,4,5,4,4,1,1,1,2,1,1,5,7,1,5,3,6,3,3,6,6,6,5,NA,Woman,Associate Professor,"STEM (science, technology, engineering, mathematics)",This year,More than 10 years,NA,TRUE,TRUE,TRUE,TRUE,Passed,FALSE
239,3,2,3,3,2,3,2,3,3,2,2,3,3,3,3,5,4,4,4,4,1,3,5,5,4,5,1,1,1,5,2,3,2,2,2,2,2,4,4,4,4,4,4,4,1,1,1,4,1,1,4,4,2,4,4,4,4,3,3,2,2,2,2,2,2,4,2,2,4,6,4,5,6,5,3,3,3,NA,Woman,Full Professor,"STEM (science, technology, engineering, mathematics)",In the last year,1-5 years,NA,TRUE,TRUE,TRUE,TRUE,Passed,FALSE
240,3,2,1,3,1,5,4,1,4,4,1,3,1,1,2,1,5,5,5,5,5,5,5,5,2,5,3,4,4,4,5,4,4,4,5,4,4,4,4,4,5,5,5,5,2,2,2,3,2,2,2,5,5,3,4,5,5,5,5,5,6,3,6,3,6,6,6,1,6,6,6,6,6,7,7,7,7,NA,Woman,Associate Professor,Non-STEM,In the last year,More than 10 years,NA,TRUE,TRUE,TRUE,TRUE,Passed,FALSE
241,4,3,1,2,2,2,2,2,2,2,3,4,4,5,4,4,3,3,4,4,4,4,4,2,4,4,2,2,2,2,3,3,3,2,4,4,2,3,3,1,4,5,4,1,1,1,1,2,1,1,1,3,3,3,3,4,3,4,5,2,4,2,4,4,4,2,2,2,2,6,2,4,4,5,4,6,6,NA,Woman,Post Doc,"STEM (science, technology, engineering, mathematics)",This year,1-5 years,NA,TRUE,TRUE,TRUE,TRUE,Passed,FALSE
242,2,2,2,3,1,4,1,3,1,1,3,4,4,3,4,5,5,5,5,5,5,3,5,5,5,5,1,1,1,1,3,1,2,1,4,4,4,4,4,4,5,5,5,5,1,2,1,2,3,2,2,4,4,4,4,5,4,4,3,1,4,1,5,2,4,6,7,3,5,5,7,3,3,4,7,5,5,NA,Woman,PhD student,Non-STEM,This year,1-5 years,I don't know/ This does not apply to me/ 0 articles,TRUE,TRUE,TRUE,TRUE,Passed,FALSE
243,4,4,3,4,4,5,5,3,3,4,3,4,3,4,3,4,4,5,5,5,5,4,5,5,5,5,4,4,5,5,5,4,5,4,2,2,3,4,4,4,5,5,5,1,1,1,2,4,1,2,2,5,5,2,4,3,5,3,4,5,4,5,4,5,3,6,7,4,4,4,5,5,5,3,3,6,6,NA,Woman,Full Professor,"STEM (science, technology, engineering, mathematics)",In the last year,More than 10 years,NA,TRUE,TRUE,TRUE,TRUE,Passed,FALSE
244,3,2,2,1,1,3,5,2,3,2,3,4,3,3,3,4,5,5,5,5,5,5,5,5,5,5,3,5,4,4,4,5,5,4,5,3,3,3,4,5,3,5,4,2,1,2,2,4,1,1,1,5,5,3,5,4,5,5,5,1,1,1,2,1,1,6,7,1,6,1,6,6,7,3,6,6,6,NA,Woman,Assistant Professor,"STEM (science, technology, engineering, mathematics)",This year,More than 10 years,NA,TRUE,TRUE,TRUE,TRUE,Passed,FALSE
245,3,2,2,2,1,4,5,1,3,2,2,4,5,3,4,4,5,5,5,5,5,5,4,4,2,4,2,4,2,2,5,4,4,4,3,3,1,5,5,2,4,5,5,1,1,1,2,4,1,1,3,5,3,3,2,3,4,4,4,1,2,1,2,2,2,6,6,1,3,6,3,7,7,3,4,5,4,NA,Woman,Full Professor,"STEM (science, technology, engineering, mathematics)",In the last year,More than 10 years,NA,TRUE,TRUE,TRUE,TRUE,Passed,FALSE
246,3,2,2,3,3,4,3,2,2,4,1,1,1,2,4,3,4,4,5,5,3,4,5,4,2,5,2,4,4,4,3,3,3,3,4,2,3,3,3,2,4,5,4,2,1,3,2,5,1,1,4,5,4,3,4,5,4,4,3,2,2,2,2,2,2,6,7,2,2,2,7,7,7,5,6,3,3,NA,Woman,Full Professor,"STEM (science, technology, engineering, mathematics)",This year,More than 10 years,NA,TRUE,TRUE,TRUE,TRUE,Passed,FALSE
247,1,1,1,3,3,2,4,1,4,2,1,4,5,5,3,5,4,4,5,3,4,4,5,5,5,5,3,4,2,2,3,5,3,5,5,5,5,5,5,4,5,5,3,1,1,1,3,5,2,1,2,5,5,5,5,3,5,5,5,2,2,2,3,3,2,7,7,1,6,3,5,3,3,5,3,7,7,NA,Woman,Associate Professor,"STEM (science, technology, engineering, mathematics)",This year,More than 10 years,NA,TRUE,TRUE,TRUE,TRUE,Passed,FALSE
249,2,4,2,3,4,2,2,2,2,4,4,5,5,4,3,4,5,5,4,2,5,4,5,5,2,4,2,2,3,1,3,2,3,2,4,4,4,4,4,4,5,3,4,1,2,3,2,5,2,2,1,4,3,3,4,4,5,5,5,5,5,5,3,4,5,7,5,5,5,3,3,3,2,4,6,7,7,NA,Man,This does not apply to me,"STEM (science, technology, engineering, mathematics)",This year,More than 10 years,NA,TRUE,TRUE,TRUE,TRUE,Passed,FALSE
250,2,2,3,4,4,5,5,5,4,4,4,4,4,5,3,4,5,5,5,2,3,5,5,1,5,5,4,4,2,3,4,4,4,4,3,2,4,5,3,3,5,5,5,5,1,1,1,3,1,1,1,5,4,4,5,5,5,5,5,4,6,4,6,5,3,5,7,1,6,6,7,6,6,6,6,7,7,NA,Man,Full Professor,"STEM (science, technology, engineering, mathematics)",This year,More than 10 years,NA,TRUE,TRUE,TRUE,TRUE,Passed,FALSE
251,3,3,2,3,4,3,4,1,2,4,1,3,1,2,1,3,4,5,5,5,4,5,5,4,4,5,2,2,2,2,3,3,3,2,4,4,3,5,5,3,5,5,5,2,1,1,3,4,1,2,2,4,5,3,5,4,5,5,4,1,1,1,2,2,2,3,5,1,2,2,3,3,5,6,6,6,6,NA,Woman,Assistant Professor,"STEM (science, technology, engineering, mathematics)",This year,More than 10 years,NA,TRUE,TRUE,TRUE,TRUE,Passed,FALSE
252,3,3,3,2,1,4,4,2,2,4,3,4,4,3,2,3,4,5,5,5,5,4,5,5,5,5,4,4,2,2,4,4,4,4,3,3,3,3,4,4,4,4,4,1,1,2,2,4,1,3,1,5,5,3,4,4,4,4,4,2,3,2,3,3,6,7,7,2,6,6,6,5,6,6,5,5,5,NA,Woman,Associate Professor,"STEM (science, technology, engineering, mathematics)",This year,More than 10 years,NA,TRUE,TRUE,TRUE,TRUE,Passed,FALSE
253,5,5,3,5,4,5,5,5,2,4,5,5,5,5,4,5,3,4,1,1,1,2,4,4,1,4,5,5,5,5,5,5,5,4,2,3,3,3,2,3,2,2,2,1,1,1,1,2,1,1,1,2,1,2,2,3,2,4,3,5,6,5,6,5,6,7,6,4,2,4,6,1,1,1,1,5,5,NA,Woman,Post Doc,Non-STEM,This year,6-10 years,NA,TRUE,TRUE,TRUE,TRUE,Passed,FALSE
254,4,4,3,5,3,5,3,4,2,5,3,4,4,5,5,5,4,4,4,4,3,4,4,2,2,3,3,4,4,4,3,2,4,4,2,2,3,4,3,2,4,5,3,1,1,1,2,4,1,4,3,3,3,3,4,2,4,4,4,3,2,3,3,2,2,2,3,3,5,3,3,3,3,5,5,5,5,NA,Man,Assistant Professor,Non-STEM,This year,More than 10 years,NA,TRUE,TRUE,TRUE,TRUE,Passed,FALSE
255,3,2,3,3,4,2,4,2,4,4,2,2,4,2,2,2,4,4,4,5,5,5,2,4,2,2,2,3,2,2,2,5,3,3,5,5,3,4,4,4,2,4,3,4,2,4,4,4,2,3,2,3,4,4,4,4,4,4,4,1,3,1,2,3,3,5,6,2,2,2,6,1,1,1,3,2,2,NA,Woman,Assistant Professor,"STEM (science, technology, engineering, mathematics)",In the last year,6-10 years,NA,TRUE,TRUE,TRUE,TRUE,Passed,FALSE
256,3,3,4,3,2,2,4,3,3,2,4,4,4,4,5,4,2,3,4,3,3,4,5,4,4,5,2,3,3,3,3,4,4,4,2,2,1,3,3,3,4,3,3,3,1,1,2,3,1,2,2,4,3,3,4,4,4,4,4,3,3,3,5,3,3,5,6,3,4,4,5,5,5,6,5,5,5,NA,Woman,Associate Professor,Non-STEM,This year,More than 10 years,NA,TRUE,TRUE,TRUE,TRUE,Passed,FALSE
257,3,3,2,3,3,2,4,2,5,4,4,4,4,4,2,5,3,4,3,2,3,2,2,2,2,4,2,2,3,3,3,3,3,2,5,5,3,4,5,3,4,5,4,2,2,2,1,4,1,1,2,4,4,4,5,4,5,4,4,2,3,2,2,2,2,5,5,3,2,3,3,3,3,6,7,5,5,NA,Woman,Post Doc,"STEM (science, technology, engineering, mathematics)",In the last year,6-10 years,NA,TRUE,TRUE,TRUE,TRUE,Passed,FALSE
258,4,4,2,4,4,4,5,4,5,4,5,5,4,4,3,4,4,4,4,4,4,4,4,4,2,4,4,4,4,4,4,5,4,4,4,3,3,3,3,2,2,3,2,1,1,2,1,4,1,2,1,4,3,2,4,3,4,3,3,2,2,2,2,2,2,6,6,2,6,6,6,6,6,6,6,5,5,NA,Non-binary / third gender,Assistant Professor,"STEM (science, technology, engineering, mathematics)",This year,More than 10 years,NA,TRUE,TRUE,TRUE,TRUE,Passed,FALSE
259,3,2,2,2,1,3,4,2,2,2,3,3,3,4,3,3,4,4,5,5,5,4,4,3,4,4,3,3,3,3,2,3,3,3,5,4,2,4,4,1,5,5,5,2,2,2,3,5,2,3,3,5,4,3,4,3,4,4,4,2,4,2,4,2,5,7,7,4,7,6,7,5,5,4,4,4,4,NA,Woman,Assistant Professor,"STEM (science, technology, engineering, mathematics)",This year,6-10 years,NA,TRUE,TRUE,TRUE,TRUE,Passed,FALSE
260,3,2,2,3,2,2,2,2,2,2,2,4,4,4,3,5,3,3,5,5,3,4,5,4,2,5,3,3,3,3,3,3,3,2,4,4,3,3,3,3,4,4,4,1,1,1,1,1,1,1,1,4,4,4,4,4,4,4,4,5,4,4,3,4,4,4,4,4,4,4,4,1,1,4,4,4,4,NA,Woman,PhD student,"STEM (science, technology, engineering, mathematics)",This year,1-5 years,More than 4 articles,TRUE,TRUE,TRUE,TRUE,Passed,FALSE
261,3,3,2,2,2,1,3,2,4,5,5,5,5,5,3,4,3,4,4,5,4,4,5,4,2,2,2,2,4,3,3,3,2,2,4,4,4,3,4,4,3,4,4,1,1,1,1,1,1,1,1,4,4,3,4,2,5,3,3,3,5,3,5,5,2,5,5,2,2,3,2,1,2,2,2,3,3,NA,Man,Assistant Professor,"STEM (science, technology, engineering, mathematics)",This year,More than 10 years,NA,TRUE,TRUE,TRUE,TRUE,Passed,FALSE
262,4,3,2,3,1,5,5,3,2,2,4,4,5,5,5,5,5,5,5,2,2,5,5,5,5,5,5,5,5,5,5,5,5,1,3,3,1,5,5,4,5,5,5,1,1,1,1,2,1,1,1,5,5,5,5,5,5,4,5,7,7,7,7,7,2,7,7,7,7,7,7,7,7,2,2,6,6,NA,Man,Full Professor,"STEM (science, technology, engineering, mathematics)",This year,More than 10 years,NA,TRUE,TRUE,TRUE,TRUE,Passed,FALSE
263,2,1,2,3,4,5,4,1,2,2,3,4,4,3,2,4,5,4,5,5,5,4,5,5,1,5,2,2,2,2,4,1,3,3,5,4,4,3,3,1,4,5,5,1,1,1,4,2,1,1,2,5,4,3,5,5,5,4,4,1,2,1,2,2,1,7,6,3,5,6,6,6,6,5,6,3,3,NA,Woman,Full Professor,Non-STEM,This year,More than 10 years,NA,TRUE,TRUE,TRUE,TRUE,Passed,FALSE
264,3,1,3,3,4,5,4,2,2,5,4,4,4,5,4,5,4,4,4,5,4,4,5,5,5,5,4,4,4,3,4,4,3,3,3,2,2,3,4,3,5,5,5,1,1,1,1,4,1,1,1,5,5,3,4,5,5,4,4,1,2,1,2,2,2,5,5,1,3,5,5,7,7,6,6,3,3,NA,Woman,Full Professor,"STEM (science, technology, engineering, mathematics)",This year,More than 10 years,NA,TRUE,TRUE,TRUE,TRUE,Passed,FALSE
265,3,3,2,4,2,2,4,3,2,2,5,4,4,2,2,1,4,4,4,5,5,5,5,5,5,5,1,2,1,1,4,4,4,4,4,4,4,4,4,4,5,5,5,4,1,4,3,5,4,4,4,5,5,5,5,5,5,4,4,2,4,2,2,4,2,5,6,2,6,6,5,6,6,6,6,6,6,NA,Man,Full Professor,Non-STEM,This year,More than 10 years,NA,TRUE,TRUE,TRUE,TRUE,Passed,FALSE
266,3,3,2,3,4,5,5,3,4,3,3,4,2,4,2,5,4,5,3,4,4,4,4,4,3,4,5,5,5,5,5,4,4,4,4,4,2,4,4,2,5,5,5,2,2,3,4,4,2,2,4,2,4,2,3,3,5,4,4,5,6,5,7,5,5,6,7,4,5,3,6,6,6,4,6,5,3,NA,Man,Assistant Professor,"STEM (science, technology, engineering, mathematics)",This year,More than 10 years,NA,TRUE,TRUE,TRUE,TRUE,Passed,FALSE
267,3,3,2,3,4,4,4,2,3,4,2,4,5,5,4,5,3,4,4,4,2,4,1,1,1,1,4,3,4,4,4,4,3,4,4,4,3,5,5,3,4,5,4,1,1,2,2,3,1,2,3,4,3,3,4,3,4,4,3,2,4,2,5,3,5,6,7,4,5,5,6,5,4,2,4,3,3,NA,Man,Assistant Professor,"STEM (science, technology, engineering, mathematics)",In the last year,More than 10 years,NA,TRUE,TRUE,TRUE,TRUE,Passed,FALSE
268,4,4,3,5,5,4,4,4,3,4,4,5,5,5,3,4,3,3,4,4,2,4,2,2,1,2,4,4,4,4,4,4,4,4,4,3,2,3,2,1,3,3,2,2,1,3,2,3,2,2,2,3,3,3,3,2,3,3,4,5,6,5,5,5,5,6,6,4,2,4,4,1,2,3,4,5,5,NA,Woman,Assistant Professor,"STEM (science, technology, engineering, mathematics)",This year,More than 10 years,NA,TRUE,TRUE,TRUE,TRUE,Passed,FALSE
269,3,2,3,2,2,3,3,1,3,2,3,3,2,3,3,3,4,5,5,5,5,4,3,4,2,3,1,3,2,2,3,4,3,3,3,2,2,4,3,3,3,4,3,5,1,1,2,3,1,1,3,3,3,3,3,4,3,4,4,5,5,5,5,3,3,5,6,4,6,5,5,6,6,6,4,6,6,NA,Man,Full Professor,"STEM (science, technology, engineering, mathematics)",This year,More than 10 years,NA,TRUE,TRUE,TRUE,TRUE,Passed,FALSE
270,3,2,3,2,2,2,4,2,2,1,2,4,4,3,2,2,4,5,5,4,5,4,5,5,5,5,2,2,2,1,2,2,1,2,4,4,3,3,4,4,4,5,5,1,1,1,2,2,1,1,2,5,5,4,5,5,5,5,5,1,2,1,2,1,1,7,7,2,2,1,2,2,2,6,7,6,6,NA,Man,Assistant Professor,"STEM (science, technology, engineering, mathematics)",This year,More than 10 years,NA,TRUE,TRUE,TRUE,TRUE,Passed,FALSE
271,4,4,4,4,3,5,5,3,4,4,3,3,4,3,4,4,3,4,5,5,4,3,4,4,2,3,4,4,4,4,4,2,4,4,2,1,1,2,3,2,2,4,3,2,3,1,3,3,2,3,4,2,4,1,3,3,4,3,3,4,4,4,6,5,4,6,6,4,5,6,6,3,3,3,6,4,4,NA,Man,Associate Professor,"STEM (science, technology, engineering, mathematics)",In the last 5 years,More than 10 years,NA,TRUE,TRUE,TRUE,TRUE,Passed,FALSE
272,2,2,1,2,1,2,1,1,1,2,3,3,3,2,2,3,4,5,5,5,5,5,5,5,5,5,1,1,1,1,3,2,2,2,5,5,3,4,5,3,3,5,3,1,1,2,1,2,2,1,1,5,4,4,4,5,5,4,4,2,4,2,2,2,2,3,7,1,4,5,4,6,6,3,6,6,6,NA,Woman,Full Professor,"STEM (science, technology, engineering, mathematics)",This year,More than 10 years,NA,TRUE,TRUE,TRUE,TRUE,Passed,FALSE
273,4,3,2,4,5,4,4,3,3,4,3,4,4,4,2,4,4,5,4,5,3,4,3,3,1,3,2,4,3,3,3,2,4,3,4,4,4,4,4,4,4,4,4,1,1,1,1,2,1,1,2,4,3,3,4,2,3,3,3,4,4,3,4,4,4,5,6,4,3,5,5,6,6,6,7,5,5,NA,Man,PhD student,"STEM (science, technology, engineering, mathematics)",In the last year,1-5 years,3-4 articles,TRUE,TRUE,TRUE,TRUE,Passed,FALSE
274,3,3,3,3,2,4,5,4,3,3,3,4,4,4,2,3,3,4,4,3,4,5,4,4,4,4,2,4,3,3,4,4,3,3,4,4,3,4,4,4,5,5,5,5,1,1,1,2,1,2,1,4,4,3,4,5,5,5,5,2,2,2,2,2,2,6,6,2,3,2,6,5,5,6,6,7,7,NA,Woman,Assistant Professor,"STEM (science, technology, engineering, mathematics)",This year,More than 10 years,NA,TRUE,TRUE,TRUE,TRUE,Passed,FALSE
275,3,3,2,3,4,4,2,2,2,2,4,4,4,4,2,4,4,4,5,4,2,4,4,4,2,4,2,2,1,1,3,2,3,2,4,4,3,2,3,3,4,4,4,2,2,2,1,4,2,3,4,3,3,3,3,4,4,3,3,2,2,2,3,2,2,5,5,2,2,2,3,6,6,4,6,4,4,NA,Man,This does not apply to me,"STEM (science, technology, engineering, mathematics)",This year,6-10 years,NA,TRUE,TRUE,TRUE,TRUE,Passed,FALSE
276,2,1,2,2,2,4,4,2,2,3,3,5,4,3,3,4,4,4,4,4,4,4,5,5,5,5,3,4,4,3,3,4,3,3,4,5,3,4,4,3,5,5,5,2,1,2,2,4,1,2,2,4,4,3,5,3,5,5,4,2,3,2,3,3,2,6,6,2,3,3,5,6,6,4,6,6,5,NA,Man,Post Doc,Non-STEM,In the last year,More than 10 years,NA,TRUE,TRUE,TRUE,TRUE,Passed,FALSE
278,4,3,3,3,3,4,5,3,3,4,3,3,2,3,3,4,4,4,5,4,5,4,3,2,4,2,5,4,2,2,3,4,3,3,4,3,2,3,2,2,2,4,4,1,1,1,1,2,1,1,1,4,3,2,3,3,4,4,5,2,2,2,4,2,2,2,5,4,4,4,2,2,3,4,3,6,5,NA,Woman,This does not apply to me,Non-STEM,In the last year,More than 10 years,NA,TRUE,TRUE,TRUE,TRUE,Passed,FALSE
279,3,3,3,2,4,4,5,1,5,4,2,4,4,4,4,5,5,4,4,4,4,5,5,5,5,5,4,4,2,3,4,4,4,4,3,4,3,3,3,2,5,5,5,1,1,1,3,4,2,2,2,4,4,2,4,4,4,4,4,4,4,4,4,3,5,5,6,5,6,4,6,3,3,3,3,5,6,NA,Woman,Associate Professor,"STEM (science, technology, engineering, mathematics)",In the last year,More than 10 years,NA,TRUE,TRUE,TRUE,TRUE,Passed,FALSE
280,2,3,3,4,2,5,5,2,3,2,2,3,3,2,5,1,5,5,4,5,5,5,5,5,5,1,2,2,3,2,3,3,3,3,5,5,4,5,5,3,4,5,3,1,1,1,2,4,2,3,1,5,5,2,3,4,5,3,2,1,1,1,2,2,2,7,7,4,6,7,7,5,5,5,5,2,2,NA,Woman,Assistant Professor,"STEM (science, technology, engineering, mathematics)",This year,More than 10 years,NA,TRUE,TRUE,TRUE,TRUE,Passed,FALSE
281,4,3,4,3,4,3,4,3,2,4,4,4,5,5,5,5,2,3,4,3,4,4,3,3,1,3,2,2,3,3,3,3,2,3,3,3,3,3,3,3,4,4,3,4,2,1,1,2,1,2,1,3,3,2,3,4,4,5,5,5,7,5,7,6,7,5,5,3,5,5,6,2,2,1,1,6,6,NA,Woman,PhD student,"STEM (science, technology, engineering, mathematics)",In the last year,1-5 years,I don't know/ This does not apply to me/ 0 articles,TRUE,TRUE,TRUE,TRUE,Passed,FALSE
282,3,3,2,3,2,2,4,2,2,2,2,5,4,4,4,4,4,4,5,4,4,3,4,4,4,4,2,2,2,2,3,4,4,3,4,5,4,4,4,3,5,5,5,1,1,2,1,2,1,2,1,5,5,5,5,5,5,4,4,2,4,2,3,2,2,5,6,3,3,6,6,3,3,2,5,3,3,NA,Woman,Assistant Professor,"STEM (science, technology, engineering, mathematics)",In the last year,6-10 years,NA,TRUE,TRUE,TRUE,TRUE,Passed,FALSE
283,3,3,2,3,4,4,2,2,2,4,2,4,2,2,4,2,2,2,4,4,4,2,4,2,2,2,5,5,4,4,4,4,3,4,3,3,3,3,3,3,3,4,4,2,4,4,4,4,2,4,2,4,4,3,3,3,3,4,3,3,5,3,3,5,2,5,5,5,5,5,5,1,2,5,5,6,6,NA,Man,Post Doc,"STEM (science, technology, engineering, mathematics)",This year,More than 10 years,NA,TRUE,TRUE,TRUE,TRUE,Passed,FALSE
284,4,4,2,2,3,2,2,2,2,4,4,4,4,3,3,4,2,3,4,4,4,4,5,5,5,5,3,3,3,3,3,3,4,4,4,3,2,3,4,2,4,4,3,1,1,1,2,3,1,1,1,4,4,3,4,2,3,3,2,3,3,3,5,4,3,4,6,4,6,5,5,6,6,2,6,5,3,NA,Woman,Associate Professor,"STEM (science, technology, engineering, mathematics)",In the last year,More than 10 years,NA,TRUE,TRUE,TRUE,TRUE,Passed,FALSE
285,4,3,3,4,2,3,5,4,4,2,3,3,3,5,4,5,4,4,5,5,3,4,5,5,5,5,5,5,4,5,5,5,5,5,3,2,2,3,2,4,5,5,5,1,1,1,3,4,1,3,3,5,5,4,4,3,4,3,4,5,6,5,3,3,5,6,6,4,5,5,2,6,6,3,4,3,3,NA,Man,Full Professor,"STEM (science, technology, engineering, mathematics)",This year,More than 10 years,NA,TRUE,TRUE,TRUE,TRUE,Passed,FALSE
286,4,3,2,3,5,5,5,4,2,5,3,3,2,5,4,5,4,4,4,3,2,3,3,3,3,3,5,5,5,5,3,3,3,5,3,4,2,3,3,3,4,4,4,1,1,1,1,2,1,2,1,3,3,2,3,3,4,3,3,4,5,4,3,4,3,7,6,5,4,4,4,1,1,1,1,5,4,NA,Woman,PhD student,Non-STEM,This year,1-5 years,1-2 articles,TRUE,TRUE,TRUE,TRUE,Passed,FALSE
287,4,3,3,3,3,4,5,3,4,4,2,2,3,4,3,4,3,5,4,4,3,4,2,1,1,2,2,2,2,2,4,4,4,4,4,4,4,4,4,4,5,4,4,5,2,4,4,5,1,2,2,2,3,3,4,3,3,5,5,4,6,4,7,5,5,7,7,3,3,5,6,4,4,1,5,3,3,NA,Woman,Assistant Professor,Non-STEM,This year,More than 10 years,NA,TRUE,TRUE,TRUE,TRUE,Passed,FALSE
288,1,2,3,2,1,2,2,1,2,2,2,4,2,2,2,1,4,4,5,4,5,4,5,5,5,5,2,2,2,2,3,3,3,2,3,4,3,4,4,3,5,4,4,2,1,2,5,4,4,4,4,5,5,4,5,3,5,5,5,NA,NA,NA,NA,NA,NA,NA,NA,NA,NA,NA,NA,NA,NA,NA,NA,NA,NA,NA,Man,Full Professor,"STEM (science, technology, engineering, mathematics)",This year,More than 10 years,NA,TRUE,TRUE,TRUE,TRUE,Passed,FALSE
289,2,3,2,3,4,4,4,3,4,4,4,4,4,4,4,4,3,3,4,3,4,4,4,4,4,4,3,3,3,3,3,3,3,2,3,3,3,3,3,3,4,4,4,2,2,2,2,3,2,2,2,4,4,3,4,4,4,4,3,2,3,2,2,2,2,4,2,2,6,2,6,2,2,2,2,4,4,NA,Man,Assistant Professor,Non-STEM,In the last year,More than 10 years,NA,TRUE,TRUE,TRUE,TRUE,Passed,FALSE
290,2,1,2,1,1,1,4,1,2,2,4,3,2,2,2,1,5,5,5,5,5,5,5,5,5,5,3,2,4,4,4,3,4,4,5,5,5,4,4,3,1,5,5,5,1,1,2,5,1,1,1,5,5,5,5,5,5,5,5,1,1,1,2,2,1,2,6,2,3,7,3,7,7,5,5,5,5,NA,Man,Full Professor,Non-STEM,This year,More than 10 years,NA,TRUE,TRUE,TRUE,TRUE,Passed,FALSE
291,3,3,3,3,4,5,5,4,4,4,4,5,5,5,2,5,5,5,2,2,3,4,5,5,5,5,4,4,4,4,5,5,4,4,5,5,4,5,5,5,5,5,5,1,1,2,1,5,1,3,2,4,4,5,5,4,5,4,4,1,3,1,3,2,3,6,7,1,4,2,5,6,6,2,3,4,5,NA,Man,Post Doc,"STEM (science, technology, engineering, mathematics)",This year,1-5 years,NA,TRUE,TRUE,TRUE,TRUE,Passed,FALSE
293,4,3,2,4,3,4,4,3,2,4,4,5,4,5,4,4,4,5,4,3,4,4,NA,NA,NA,NA,4,5,5,5,5,4,5,5,5,3,4,4,5,3,4,4,4,1,1,3,4,4,2,3,3,4,3,3,4,5,4,4,3,3,5,3,7,4,5,5,6,3,6,3,5,1,1,1,4,5,5,NA,Man,PhD student,Non-STEM,In the last year,1-5 years,3-4 articles,TRUE,TRUE,TRUE,TRUE,Passed,FALSE
294,3,3,2,4,1,4,4,3,2,4,4,5,5,4,4,3,3,4,5,5,2,2,5,5,5,5,2,4,3,2,4,3,4,3,4,5,2,2,2,2,5,5,5,2,1,3,5,4,2,4,4,5,5,3,4,3,5,4,4,4,6,4,6,6,6,6,7,3,6,6,6,6,6,2,2,6,6,NA,Man,Full Professor,"STEM (science, technology, engineering, mathematics)",This year,More than 10 years,NA,TRUE,TRUE,TRUE,TRUE,Passed,FALSE
296,3,2,2,2,1,4,4,2,3,3,1,5,5,2,4,4,4,4,4,4,4,4,5,5,2,5,2,2,4,2,4,3,4,4,3,3,1,4,5,4,5,5,5,1,1,1,1,1,1,2,1,4,2,3,3,4,5,2,2,3,6,5,7,6,5,2,6,2,6,5,7,5,5,4,6,2,2,NA,Woman,PhD student,Non-STEM,This year,6-10 years,3-4 articles,TRUE,TRUE,TRUE,TRUE,Passed,FALSE
297,3,4,3,4,3,4,5,3,5,3,4,4,5,5,4,5,4,3,3,4,4,3,4,3,2,4,4,4,4,4,4,4,4,4,2,2,3,3,3,2,2,3,3,3,4,3,3,3,2,3,2,2,3,3,4,3,4,3,2,3,5,3,5,5,6,4,5,2,5,5,4,6,6,3,4,3,3,NA,Man,Associate Professor,"STEM (science, technology, engineering, mathematics)",This year,More than 10 years,NA,TRUE,TRUE,TRUE,TRUE,Passed,FALSE
298,3,2,3,2,4,4,3,3,2,4,4,4,2,2,4,3,4,3,2,4,4,3,5,5,4,4,4,2,3,4,3,3,4,3,3,2,3,3,3,3,3,4,3,2,2,2,2,3,1,1,1,4,2,2,2,3,3,3,3,5,3,4,5,3,4,4,4,3,3,2,3,5,5,2,2,3,2,NA,Man,Full Professor,"STEM (science, technology, engineering, mathematics)",In the last year,More than 10 years,NA,TRUE,TRUE,TRUE,TRUE,Passed,FALSE
299,4,4,2,4,2,1,2,2,2,4,5,3,3,4,4,3,5,4,5,5,4,5,5,4,3,4,1,2,2,2,3,3,4,4,4,4,4,5,5,5,4,4,4,1,1,2,2,4,2,2,1,4,4,4,4,4,4,4,4,2,2,1,2,2,3,5,4,2,3,5,3,5,5,1,4,2,1,NA,Man,Assistant Professor,"STEM (science, technology, engineering, mathematics)",This year,More than 10 years,NA,TRUE,TRUE,TRUE,TRUE,Passed,FALSE
301,3,3,2,3,4,4,5,5,4,4,1,4,5,5,3,4,5,5,4,4,2,4,3,3,2,3,2,3,2,3,3,3,3,2,5,5,4,5,5,2,5,5,5,1,1,1,1,2,1,1,1,3,2,3,4,4,4,3,4,5,5,3,5,3,3,6,4,5,6,6,5,3,3,2,7,5,4,NA,Woman,PhD student,Non-STEM,This year,1-5 years,1-2 articles,TRUE,TRUE,TRUE,TRUE,Passed,FALSE
302,3,4,3,3,2,5,5,1,4,5,1,5,5,5,4,5,3,4,5,4,4,4,4,4,3,4,5,5,5,5,5,2,4,5,5,5,3,4,5,4,5,5,5,1,1,1,2,4,2,2,2,3,3,3,4,3,4,3,3,1,1,1,2,1,2,2,7,1,2,1,2,6,6,5,7,4,3,NA,Woman,Post Doc,Non-STEM,This year,6-10 years,NA,TRUE,TRUE,TRUE,TRUE,Passed,FALSE
303,4,3,2,2,5,4,4,4,3,4,4,4,4,4,2,4,3,4,3,2,2,2,2,2,1,2,3,4,3,4,3,3,4,3,5,5,4,4,4,4,4,4,4,1,1,2,2,2,1,2,2,4,4,4,3,4,4,3,4,4,6,5,4,4,3,5,5,5,3,3,3,6,6,6,6,4,3,NA,Man,Post Doc,Non-STEM,This year,6-10 years,NA,TRUE,TRUE,TRUE,TRUE,Passed,FALSE
304,2,2,2,2,1,2,2,1,1,1,2,2,3,4,2,4,4,5,5,5,5,5,2,2,2,2,2,2,2,2,3,2,2,2,5,5,3,5,5,2,4,5,4,1,1,1,1,4,1,1,2,5,4,4,5,4,4,3,3,1,1,1,1,1,1,2,2,1,2,2,2,5,5,6,6,4,3,NA,Woman,PhD student,Non-STEM,In the last year,1-5 years,3-4 articles,TRUE,TRUE,TRUE,TRUE,Passed,FALSE
305,3,2,1,3,2,4,5,4,3,4,3,4,5,4,2,4,3,5,5,4,4,4,5,5,4,5,4,4,4,4,3,3,3,4,2,4,2,5,3,3,4,5,3,1,1,2,2,3,2,2,3,5,3,3,4,3,4,4,4,4,3,4,5,4,4,5,4,1,6,5,6,6,6,3,5,3,2,NA,Man,Associate Professor,Non-STEM,This year,More than 10 years,NA,TRUE,TRUE,TRUE,TRUE,Passed,FALSE
306,3,2,2,2,1,3,3,2,2,2,3,3,4,3,3,3,4,5,5,5,4,4,5,5,3,4,3,3,2,2,3,4,2,3,1,2,1,4,5,3,4,4,4,1,1,2,2,2,1,2,2,4,4,4,4,4,4,4,4,4,5,3,5,6,5,3,5,2,4,4,4,2,3,2,4,6,5,NA,Woman,Associate Professor,Non-STEM,This year,More than 10 years,NA,TRUE,TRUE,TRUE,TRUE,Passed,FALSE
307,3,2,3,2,3,5,4,3,4,5,4,4,5,4,2,4,2,2,4,4,4,2,5,5,2,4,4,5,4,5,2,4,3,3,3,2,2,3,3,3,4,4,4,5,4,3,4,5,4,5,4,3,3,3,4,4,4,3,3,2,5,2,2,2,4,3,6,1,3,5,2,5,5,1,2,2,6,NA,Woman,This does not apply to me,Non-STEM,In the last year,1-5 years,NA,TRUE,TRUE,TRUE,TRUE,Passed,FALSE
309,2,1,1,2,1,1,1,1,3,5,1,4,1,1,2,5,5,5,5,5,5,5,5,5,5,5,2,2,2,2,4,3,3,2,5,5,2,3,5,2,5,5,5,1,1,5,5,5,1,1,5,5,5,4,5,5,5,4,4,1,2,1,4,3,2,1,6,1,4,4,5,6,6,6,6,5,5,NA,Prefer not to say,Assistant Professor,"STEM (science, technology, engineering, mathematics)",This year,6-10 years,NA,TRUE,TRUE,TRUE,TRUE,Passed,FALSE
310,2,2,1,3,1,1,4,1,2,2,2,5,5,3,3,3,4,3,5,4,5,4,4,4,2,4,1,2,2,2,4,4,4,3,5,5,4,4,5,4,5,5,5,2,1,2,2,3,1,2,2,5,4,4,4,4,4,4,4,2,4,2,5,2,2,5,6,3,5,5,6,5,5,4,5,5,5,NA,Man,Associate Professor,Non-STEM,This year,More than 10 years,NA,TRUE,TRUE,TRUE,TRUE,Passed,FALSE
311,3,3,2,4,3,4,3,3,2,2,5,5,4,5,1,4,4,4,2,4,4,3,5,5,1,1,2,3,2,2,4,3,3,3,3,1,1,4,4,4,4,4,3,4,2,2,3,5,1,2,1,3,3,4,5,4,3,3,3,3,3,3,3,3,2,4,4,3,3,2,4,5,5,2,2,2,2,NA,Woman,Full Professor,Non-STEM,In the last year,More than 10 years,NA,TRUE,TRUE,TRUE,TRUE,Passed,FALSE
312,3,2,2,2,2,5,4,2,2,4,4,4,4,3,3,4,4,4,5,5,4,4,5,5,4,5,4,4,4,4,4,4,4,4,4,5,3,4,5,3,4,4,4,1,1,2,4,3,2,2,1,5,4,4,3,3,3,4,5,2,2,2,2,2,2,5,7,3,4,4,5,6,6,3,5,6,6,NA,Man,Full Professor,"STEM (science, technology, engineering, mathematics)",This year,More than 10 years,NA,TRUE,TRUE,TRUE,TRUE,Passed,FALSE
313,4,2,2,3,4,2,5,2,3,4,4,4,4,4,4,4,3,4,5,3,4,4,5,5,5,5,4,4,4,4,4,4,4,4,4,3,2,3,3,2,3,4,3,1,1,1,2,2,1,1,1,5,5,5,5,4,5,4,4,3,4,3,3,2,3,6,6,6,5,5,5,6,6,3,3,3,3,NA,Man,Full Professor,"STEM (science, technology, engineering, mathematics)",This year,More than 10 years,NA,TRUE,TRUE,TRUE,TRUE,Passed,FALSE
315,3,1,1,2,2,4,4,2,2,4,3,4,4,4,1,4,5,5,5,5,5,4,5,4,2,5,2,3,3,3,4,2,2,2,5,5,3,5,5,3,4,5,4,1,1,2,2,4,1,1,2,5,5,3,4,3,5,5,4,1,2,1,2,2,2,2,5,1,5,4,5,6,6,4,7,3,3,NA,Man,Assistant Professor,Non-STEM,This year,1-5 years,NA,TRUE,TRUE,TRUE,TRUE,Passed,FALSE
317,3,2,1,2,3,4,4,3,4,3,4,5,5,4,3,4,4,4,4,2,3,4,5,4,3,3,1,5,5,5,4,4,5,4,4,3,3,3,4,3,4,5,4,4,1,3,4,4,1,1,1,4,4,3,3,3,4,5,5,1,6,1,4,3,4,6,6,1,6,7,7,5,5,3,2,6,7,NA,Woman,Associate Professor,Non-STEM,This year,6-10 years,NA,TRUE,TRUE,TRUE,TRUE,Passed,FALSE
318,3,2,2,1,1,5,5,1,3,1,2,3,2,3,2,3,4,5,3,3,5,5,5,2,3,5,4,4,3,3,4,4,4,4,5,5,3,4,4,2,5,5,5,5,1,3,3,4,1,1,2,5,4,3,4,2,4,5,5,1,1,1,1,2,1,6,6,2,6,7,7,7,7,4,6,7,7,NA,Woman,Full Professor,"STEM (science, technology, engineering, mathematics)",This year,More than 10 years,NA,TRUE,TRUE,TRUE,TRUE,Passed,FALSE
319,2,2,2,2,3,1,1,1,2,1,1,2,2,4,2,4,5,5,5,5,5,3,5,5,1,5,1,1,1,1,2,3,3,2,5,5,5,5,5,5,5,5,5,1,1,1,1,2,2,1,1,5,5,5,5,5,5,5,5,1,1,1,1,1,1,2,5,1,2,1,1,7,7,7,7,7,7,NA,Woman,Assistant Professor,"STEM (science, technology, engineering, mathematics)",This year,More than 10 years,NA,TRUE,TRUE,TRUE,TRUE,Passed,FALSE
320,3,2,3,2,4,5,5,4,3,4,2,3,5,5,2,5,5,5,4,2,3,3,5,1,5,5,4,4,3,3,4,4,3,4,3,3,3,4,4,4,4,4,4,4,1,1,3,3,1,1,1,3,4,3,3,3,4,4,4,2,2,2,2,3,2,5,6,2,6,6,3,6,6,3,3,3,2,NA,Woman,Full Professor,Non-STEM,In the last year,More than 10 years,NA,TRUE,TRUE,TRUE,TRUE,Passed,FALSE
321,4,3,2,2,3,4,4,3,2,4,5,5,5,5,3,5,5,5,5,4,4,4,5,5,5,5,5,5,4,5,4,5,4,4,3,3,2,4,3,1,4,5,4,4,2,2,3,1,1,2,1,5,4,2,4,3,3,4,3,2,3,1,5,2,2,5,7,3,4,2,5,6,6,5,5,6,6,NA,Woman,Associate Professor,"STEM (science, technology, engineering, mathematics)",This year,More than 10 years,NA,TRUE,TRUE,TRUE,TRUE,Passed,FALSE
322,3,2,2,3,4,5,4,2,2,4,4,5,4,5,4,5,4,5,5,4,4,4,5,5,5,5,2,4,2,2,4,3,4,4,5,5,4,5,5,4,5,5,5,1,1,1,2,4,1,1,1,4,4,3,4,3,4,4,4,1,2,1,2,1,2,5,6,3,5,4,5,6,6,6,6,6,6,NA,Woman,Associate Professor,"STEM (science, technology, engineering, mathematics)",This year,More than 10 years,NA,TRUE,TRUE,TRUE,TRUE,Passed,FALSE
323,4,3,2,3,4,5,5,3,5,5,3,4,4,5,2,5,2,3,4,5,3,4,4,4,3,4,4,4,5,4,4,3,3,4,3,4,2,4,3,3,4,5,5,4,2,3,3,5,2,1,3,5,3,3,3,4,5,4,4,2,3,3,3,3,4,5,4,2,6,2,5,5,4,2,2,2,6,NA,Woman,Assistant Professor,Non-STEM,This year,More than 10 years,NA,TRUE,TRUE,TRUE,TRUE,Passed,FALSE
324,3,3,2,4,4,2,2,2,2,4,2,4,4,4,4,4,4,4,4,4,4,4,2,2,2,3,2,2,2,2,3,4,3,2,5,5,4,3,4,2,4,3,4,1,1,1,1,1,1,1,2,4,4,3,4,4,3,3,3,2,5,2,4,3,5,2,5,2,6,6,6,2,2,3,5,5,3,NA,Man,Post Doc,Non-STEM,This year,1-5 years,NA,TRUE,TRUE,TRUE,TRUE,Passed,FALSE
325,3,3,3,3,4,4,4,3,3,4,4,4,4,4,3,5,4,3,4,3,2,4,4,4,1,5,3,4,3,3,4,4,4,4,3,3,2,3,3,2,4,4,4,1,1,1,1,1,1,1,1,4,4,3,4,3,4,3,3,4,5,4,4,5,5,5,5,3,4,4,4,3,2,3,3,3,3,NA,Woman,Post Doc,"STEM (science, technology, engineering, mathematics)",This year,More than 10 years,NA,TRUE,TRUE,TRUE,TRUE,Passed,FALSE
