StartDate,EndDate,Status,Progress,Duration (in seconds),Finished,RecordedDate,ResponseId,DistributionChannel,UserLanguage,consent,academic_yes_no,research_yes_no,gender,title,discipline,last_published,academia_length,phd_dissertation,bat_1,bat_2,bat_3,bat_4,ppqr_1,ppqr_2,ppqr_3,ppqr_4,ppqr_5,ppqr_6,ppqr_7,ppqr_8,ppqr_9,ppqr_10,ppqr_11,ppqr_12,ppqr_13,ppqr_14,ppqr_15,ppqr_16,ppqr_17,ppqr_18,jis_1,jis_2,jis_3,jis_4,wlbm_1,wlbm_2,wlbm_3,wlbm_4,copsoq_workload_1,copsoq_workload_2,copsoq_workload_3,copsoq_workload_4,copsoq_workload_5,copsoq_soc_sup_1,copsoq_soc_sup_2,copsoq_soc_sup_3,copsoq_soc_sup_4,copsoq_soc_sup_5,copsoq_soc_sup_6,copsoq_oppor_1,copsoq_oppor_2,copsoq_oppor_3,attention_2,qrp_attitude_1,qrp_attitude_2,qrp_attitude_3,qrp_attitude_4,qrp_attitude_5,qrp_attitude_6,qrp_attitude_7,qrp_attitude_8,copsoq_infl_1,copsoq_infl_2,copsoq_infl_3,copsoq_infl_4,copsoq_infl_5,copsoq_infl_6,copsoq_meaning_1,copsoq_meaning_2,role_ambiguity_1,role_ambiguity_2,role_ambiguity_3,role_ambiguity_4,role_ambiguity_5,role_ambiguity_6,role_ambiguity_7,role_ambiguity_8,role_ambiguity_9,role_ambiguity_10,role_ambiguity_11,role_ambiguity_12,pay_satisfaction_1,pay_satisfaction_2,tool_satisfaction_1,tool_satisfaction_2,general_satisfaction_1,general_satisfaction_2,open_time
Start Date,End Date,Response Type,Progress,Duration (in seconds),Finished,Recorded Date,Response ID,Distribution Channel,User Language,"Informed Consent and Description of Research


You are to participate in a research coordinated by Dr. Balázs Aczél from Eötvös Loránd University (ELTE), aczel.balazs@ppk.elte.hu. The aim of this study is to investigate researcher burnout, its possible mitigating factors across different career stages and their relationship with researcher decisions and behaviors.



Participation is voluntary. Performing the various tasks and filling out the questionnaires is theoretically harmless, but some might feel unease or anxiety when thinking about their current employment circumstances. For this reason it is possible to suspend participation so that it should not be tiresome. It is also possible to terminate participation at any time and to decline answering questions without having to give reasons for this. Monetary compensation is not due for participation.



Questionnaires have to be filled out which will last for about 10 minutes.



All information collected during this process will be handled strictly confidentially. Data of the research are analyzed statistically during which no personal identification is possible. Written account about the study and the data processing can be provided upon request.



By proceeding you agree that data collected on your person – which cannot be identified as those belonging to your person – may be used for research purposes and that these will be accessible to other researchers. 
I declare that I am over 18 years of age. I declare that I am currently not receiving treatment for any psychiatric or neurological illness. I have received full detailed information concerning the conditions of my participation of the study. I agree with these conditions and I am willing to participate.",Are you currently part of a university faculty? (including PhD students),Does your job/study entail doing empirical research to be published in a scientific journal?,What is your gender?,Your current academic title,Which academic discipline do you work in?,When was the last time you published a scientific article in a peer reviewed journal?,"How long have you been in academia, starting from the first year of PhD?","As a PhD student, how many articles are required of you to publish to achieve your dissertation?","The following statements are related to your work situation.
Please state how often each statement applies to you. - At work, I feel mentally exhausted","The following statements are related to your work situation.
Please state how often each statement applies to you. - I struggle to find any enthusiasm for my work","The following statements are related to your work situation.
Please state how often each statement applies to you. - At work I may overreact unintentionally","The following statements are related to your work situation.
Please state how often each statement applies to you. - When I'm working, I have trouble concentrating","Below, you find a series of statements with which you may agree or disagree. Please indicate the degree of your agreement by selecting a statement. - I experience stress at the thought of my colleagues' assessment of my publications output","Below, you find a series of statements with which you may agree or disagree. Please indicate the degree of your agreement by selecting a statement. - I feel forced to spend time on my publications outside office hours","Below, you find a series of statements with which you may agree or disagree. Please indicate the degree of your agreement by selecting a statement. - I cannot find sufficient time to work on my publications","Below, you find a series of statements with which you may agree or disagree. Please indicate the degree of your agreement by selecting a statement. - I have no peace of mind when working on my publications","Below, you find a series of statements with which you may agree or disagree. Please indicate the degree of your agreement by selecting a statement. - I can combine working on my publications with my other tasks","Below, you find a series of statements with which you may agree or disagree. Please indicate the degree of your agreement by selecting a statement. - At home, I do not feel stressed about my publications","Below, you find a series of statements with which you may agree or disagree. Please indicate the degree of your agreement by selecting a statement. - The current publication climate puts pressure on relationships with fellow-researchers","Below, you find a series of statements with which you may agree or disagree. Please indicate the degree of your agreement by selecting a statement. - I suspect that publication pressure leads some colleagues (whether intentionally or not) to cut corners","Below, you find a series of statements with which you may agree or disagree. Please indicate the degree of your agreement by selecting a statement. - Publication pressure leads to questionable research practices, which lead to serious doubts about the validity of research results","Below, you find a series of statements with which you may agree or disagree. Please indicate the degree of your agreement by selecting a statement. - In my opinion the pressure to publish scientific articles has become too high","Below, you find a series of statements with which you may agree or disagree. Please indicate the degree of your agreement by selecting a statement. - Colleagues maintain their administrative and teaching skills well, despite publication pressure","Below, you find a series of statements with which you may agree or disagree. Please indicate the degree of your agreement by selecting a statement. - Publication pressure harms science","Below, you find a series of statements with which you may agree or disagree. Please indicate the degree of your agreement by selecting a statement. - When working on a publication, I feel supported by my co-authors","Below, you find a series of statements with which you may agree or disagree. Please indicate the degree of your agreement by selecting a statement. - When I encounter difficulties when working on a publication, I can discuss these with my colleagues","Below, you find a series of statements with which you may agree or disagree. Please indicate the degree of your agreement by selecting a statement. - I have freedom to decide about the topics of my publications","Below, you find a series of statements with which you may agree or disagree. Please indicate the degree of your agreement by selecting a statement. - When working on a publication, many decisions about the content of the paper are outside my control","Below, you find a series of statements with which you may agree or disagree. Please indicate the degree of your agreement by selecting a statement. - I cannot cope with all aspects of publishing my papers","Below, you find a series of statements with which you may agree or disagree. Please indicate the degree of your agreement by selecting a statement. - I feel confident in the interaction with co-authors, reviewers and editors","Below, you find a series of statements with which you may agree or disagree. Please indicate the degree of your agreement by selecting the a statement. - Chances are, I will soon lose my job","Below, you find a series of statements with which you may agree or disagree. Please indicate the degree of your agreement by selecting the a statement. - I am sure I can keep my job","Below, you find a series of statements with which you may agree or disagree. Please indicate the degree of your agreement by selecting the a statement. - I feel insecure about the future of my job","Below, you find a series of statements with which you may agree or disagree. Please indicate the degree of your agreement by selecting the a statement. - I think I might lose my job in the near future","When I reﬂect over my work and non-work activities (your regular activities outside of work such as family, friends, sports, study, etc.), over the past three months, I conclude that: - I currently have a good balance between the time I spend at work and the time I have available for non-work activities","When I reﬂect over my work and non-work activities (your regular activities outside of work such as family, friends, sports, study, etc.), over the past three months, I conclude that: - I have difﬁculty balancing my work and non-work activities","When I reﬂect over my work and non-work activities (your regular activities outside of work such as family, friends, sports, study, etc.), over the past three months, I conclude that: - I feel that the balance between my work demands and non-work activities is currently about right","When I reﬂect over my work and non-work activities (your regular activities outside of work such as family, friends, sports, study, etc.), over the past three months, I conclude that: - Overall, I believe that my work and non-work life are balanced",Rate your responses from 'Never' to 'Always' - Is your workload unevenly distributed so it piles up?,Rate your responses from 'Never' to 'Always' - How often do you not have time to complete all your work tasks?,Rate your responses from 'Never' to 'Always' - Do you get behind with your work?,Rate your responses from 'Never' to 'Always' - Do you have enough time for your work tasks?,Rate your responses from 'Never' to 'Always' - Please choose 'Rarely' here,"Rate your responses from 'Never' to 'Always' - How often is your immediate superior willing to listen to your problems at work, if needed?","Rate your responses from 'Never' to 'Always' - How often do you get help and support from your immediate superior, if needed?",Rate your responses from 'Never' to 'Always' - How often does your immediate superior talk with you about how well you carry out your work?,"Rate your responses from 'Never' to 'Always' - How often do you get help and support from your colleagues, if needed?","Rate your responses from 'Never' to 'Always' - How often are your colleagues willing to listen to your problems at work, if needed?",Rate your responses from 'Never' to 'Always' - How often do your colleagues talk with you about how well you carry out your work?,Rate your responses from 'Never' to 'Always' - Do you have the possibility of learning new things through your work?,Rate your responses from 'Never' to 'Always' - Can you use your skills or expertise in your work?,Rate your responses from 'Never' to 'Always' - Does your work give you the opportunity to develop your skills?,"This is an attention check, please indicate 'Strongly agree' here.","Sometimes a researcher has to make a decision to further their career. If the practices mentioned below would help their professional success or development, how acceptable would you find these behaviors?

Please consider each scenario carefully and rate the practice on a scale from ""Completely unacceptable"" to ""Completely acceptable"". - Stopping data collection at a point that is beneficial to the conclusions of the study","Sometimes a researcher has to make a decision to further their career. If the practices mentioned below would help their professional success or development, how acceptable would you find these behaviors?

Please consider each scenario carefully and rate the practice on a scale from ""Completely unacceptable"" to ""Completely acceptable"". - Excluding datapoints arbitrarily","Sometimes a researcher has to make a decision to further their career. If the practices mentioned below would help their professional success or development, how acceptable would you find these behaviors?

Please consider each scenario carefully and rate the practice on a scale from ""Completely unacceptable"" to ""Completely acceptable"". - Selective reporting of conditions/variables/results","Sometimes a researcher has to make a decision to further their career. If the practices mentioned below would help their professional success or development, how acceptable would you find these behaviors?

Please consider each scenario carefully and rate the practice on a scale from ""Completely unacceptable"" to ""Completely acceptable"". - Hypothesizing after the results are known","Sometimes a researcher has to make a decision to further their career. If the practices mentioned below would help their professional success or development, how acceptable would you find these behaviors?

Please consider each scenario carefully and rate the practice on a scale from ""Completely unacceptable"" to ""Completely acceptable"". - Breaking up or segmenting study results into two or more publications to boost your publication credits","Sometimes a researcher has to make a decision to further their career. If the practices mentioned below would help their professional success or development, how acceptable would you find these behaviors?

Please consider each scenario carefully and rate the practice on a scale from ""Completely unacceptable"" to ""Completely acceptable"". - Rounding p-values to the desired value","Sometimes a researcher has to make a decision to further their career. If the practices mentioned below would help their professional success or development, how acceptable would you find these behaviors?

Please consider each scenario carefully and rate the practice on a scale from ""Completely unacceptable"" to ""Completely acceptable"". - Not reporting null results","Sometimes a researcher has to make a decision to further their career. If the practices mentioned below would help their professional success or development, how acceptable would you find these behaviors?

Please consider each scenario carefully and rate the practice on a scale from ""Completely unacceptable"" to ""Completely acceptable"". - Changing the statistical analysis after having seen the results",Rate your responses from 'Never' to 'Always' - Do you have a large degree of influence on the decisions concerning your work?,Rate your responses from 'Never' to 'Always' - Do you have a say in choosing who you work with?,Rate your responses from 'Never' to 'Always' - Can you influence the amount of work assigned to you?,Rate your responses from 'Never' to 'Always' - Do you have any influence on what you do at work?,Rate your responses from 'Never' to 'Always' - Can you influence how quickly you work?,Rate your responses from 'Never' to 'Always' - Do you have any influence on how you do your work?,Rate your responses from 'Never' to 'Always' - Is your work meaningful?,Rate your responses from 'Never' to 'Always' - Do you feel that the work you do is important?,Rate your responses from 'Strongly disagree' to 'Strongly agree' - My job duties are clearly defined-,"Rate your responses from 'Strongly disagree' to 'Strongly agree' - In my job, I often feel like different people are “pulling me in different directions”-",Rate your responses from 'Strongly disagree' to 'Strongly agree' - The tasks I am assigned at work rarely come into conflict with each other.,Rate your responses from 'Strongly disagree' to 'Strongly agree' - I know what I am required to do for every aspect of my job.,Rate your responses from 'Strongly disagree' to 'Strongly agree' - The requirements of my job aren’t always clear.,Rate your responses from 'Strongly disagree' to 'Strongly agree' - I know everything that I am expected to do at work with certainty.,Rate your responses from 'Strongly disagree' to 'Strongly agree' - I have to deal with competing demands at work.,"Rate your responses from 'Strongly disagree' to 'Strongly agree' - In my job, I’m seldom placed in a situation where one job duty conflicts with other job duties.",Rate your responses from 'Strongly disagree' to 'Strongly agree' - I am not sure what is expected of me at work.,Rate your responses from 'Strongly disagree' to 'Strongly agree' - I often don’t know what is expected of me at work.,Rate your responses from 'Strongly disagree' to 'Strongly agree' - The things I am told to do at work do not conflict with each other.,Rate your responses from 'Strongly disagree' to 'Strongly agree' - My superiors often tell me to do two different things that can’t both be done.,"The statements below describe various aspects of your job. For each statement, decide how satisfied or dissatisfied you feel about your job, and put the number in the corresponding blank that best indicates your feeling.

I am satisfied with... - My current salary.","The statements below describe various aspects of your job. For each statement, decide how satisfied or dissatisfied you feel about your job, and put the number in the corresponding blank that best indicates your feeling.

I am satisfied with... - My overall level of pay.",I am satisfied with... - The funding I receive for my work.,I am satisfied with... - The tools provided for me.,I am satisfied with... - The impact my work has on others.,I am satisfied with... - The impact my work has on the world.,I am willing to dedicate extra time to open research practices.
"{""ImportId"":""startDate"",""timeZone"":""Europe/Berlin""}","{""ImportId"":""endDate"",""timeZone"":""Europe/Berlin""}","{""ImportId"":""status""}","{""ImportId"":""progress""}","{""ImportId"":""duration""}","{""ImportId"":""finished""}","{""ImportId"":""recordedDate"",""timeZone"":""Europe/Berlin""}","{""ImportId"":""_recordId""}","{""ImportId"":""distributionChannel""}","{""ImportId"":""userLanguage""}","{""ImportId"":""QID39""}","{""ImportId"":""QID6""}","{""ImportId"":""QID29""}","{""ImportId"":""QID1""}","{""ImportId"":""QID2""}","{""ImportId"":""QID21""}","{""ImportId"":""QID3""}","{""ImportId"":""QID9""}","{""ImportId"":""QID16""}","{""ImportId"":""QID7_1""}","{""ImportId"":""QID7_4""}","{""ImportId"":""QID7_13""}","{""ImportId"":""QID7_14""}","{""ImportId"":""QID5_1""}","{""ImportId"":""QID5_2""}","{""ImportId"":""QID5_3""}","{""ImportId"":""QID5_4""}","{""ImportId"":""QID5_5""}","{""ImportId"":""QID5_6""}","{""ImportId"":""QID5_7""}","{""ImportId"":""QID5_8""}","{""ImportId"":""QID5_9""}","{""ImportId"":""QID5_10""}","{""ImportId"":""QID5_11""}","{""ImportId"":""QID5_12""}","{""ImportId"":""QID5_13""}","{""ImportId"":""QID5_14""}","{""ImportId"":""QID5_15""}","{""ImportId"":""QID5_16""}","{""ImportId"":""QID5_17""}","{""ImportId"":""QID5_18""}","{""ImportId"":""QID10_1""}","{""ImportId"":""QID10_2""}","{""ImportId"":""QID10_3""}","{""ImportId"":""QID10_4""}","{""ImportId"":""QID19_1""}","{""ImportId"":""QID19_2""}","{""ImportId"":""QID19_3""}","{""ImportId"":""QID19_4""}","{""ImportId"":""QID23_1""}","{""ImportId"":""QID23_2""}","{""ImportId"":""QID23_3""}","{""ImportId"":""QID23_4""}","{""ImportId"":""QID23_5""}","{""ImportId"":""QID24_1""}","{""ImportId"":""QID24_2""}","{""ImportId"":""QID24_3""}","{""ImportId"":""QID24_4""}","{""ImportId"":""QID24_5""}","{""ImportId"":""QID24_6""}","{""ImportId"":""QID25_1""}","{""ImportId"":""QID25_2""}","{""ImportId"":""QID25_3""}","{""ImportId"":""QID36""}","{""ImportId"":""QID52_4""}","{""ImportId"":""QID52_8""}","{""ImportId"":""QID52_11""}","{""ImportId"":""QID52_14""}","{""ImportId"":""QID52_23""}","{""ImportId"":""QID52_26""}","{""ImportId"":""QID52_27""}","{""ImportId"":""QID52_29""}","{""ImportId"":""QID26_1""}","{""ImportId"":""QID26_2""}","{""ImportId"":""QID26_3""}","{""ImportId"":""QID26_4""}","{""ImportId"":""QID26_5""}","{""ImportId"":""QID26_6""}","{""ImportId"":""QID28_1""}","{""ImportId"":""QID28_2""}","{""ImportId"":""QID40_1""}","{""ImportId"":""QID40_2""}","{""ImportId"":""QID40_3""}","{""ImportId"":""QID40_4""}","{""ImportId"":""QID40_5""}","{""ImportId"":""QID40_6""}","{""ImportId"":""QID40_7""}","{""ImportId"":""QID40_8""}","{""ImportId"":""QID40_9""}","{""ImportId"":""QID40_10""}","{""ImportId"":""QID40_11""}","{""ImportId"":""QID40_12""}","{""ImportId"":""QID42_2""}","{""ImportId"":""QID42_3""}","{""ImportId"":""QID44_1""}","{""ImportId"":""QID44_2""}","{""ImportId"":""QID45_1""}","{""ImportId"":""QID45_2""}","{""ImportId"":""QID53""}"
2025-03-27 14:14:40,2025-03-27 14:26:30,IP Address,100,710,True,2025-03-27 14:26:30,R_80pCw8Yf50PLU9c,anonymous,EN,Yes,Yes,Yes,Non-binary / third gender,Post Doc,"STEM (science, technology, engineering, mathematics)",This year,1-5 years,,Always,Always,Always,Always,Strongly agree,Strongly agree,Strongly agree,Strongly agree,Strongly agree,Strongly disagree,Strongly agree,Strongly agree,Strongly agree,Strongly agree,Strongly disagree,Strongly agree,Strongly disagree,Strongly agree,Strongly agree,Strongly agree,Strongly agree,Strongly disagree,Strongly agree,Strongly disagree,Strongly agree,Strongly agree,Strongly disagree,Strongly agree,Strongly disagree,Strongly disagree,Always,Never,Always,Always,Rarely,Never,Never,Never,Never,Never,Never,Never,Sometimes,Never,Strongly agree,Completely unacceptable,Completely unacceptable,Completely unacceptable,Completely unacceptable,Somewhat unacceptable,Completely unacceptable,Completely unacceptable,Completely unacceptable,Never,Sometimes,Rarely,Never,Sometimes,Rarely,Never,Never,Strongly disagree,Strongly agree,Strongly disagree,Strongly disagree,Strongly disagree,Strongly disagree,Strongly agree,Strongly disagree,Strongly agree,Strongly disagree,Strongly disagree,Strongly agree,Very satisfied,Very satisfied,Very satisfied,Very dissatisfied,Very dissatisfied,Very dissatisfied,Agree
2025-03-27 14:53:14,2025-03-27 15:02:13,IP Address,100,539,True,2025-03-27 15:02:14,R_3drPStgsrorDeox,anonymous,EN,Yes,Yes,Yes,Man,Assistant Professor,Non-STEM,This year,More than 10 years,,Sometimes,Sometimes,Rarely,Rarely,Strongly disagree,Strongly agree,Strongly agree,Agree,Agree,Strongly disagree,Strongly disagree,Strongly agree,Agree,Agree,Agree,Agree,Strongly disagree,Agree,Strongly agree,Strongly disagree,Neither agree nor disagree,Agree,Somewhat agree,Somewhat disagree,Strongly agree,Somewhat disagree,Strongly disagree,Strongly agree,Strongly disagree,Strongly disagree,Always,Always,Always,Rarely,Rarely,Sometimes,Rarely,Rarely,Sometimes,Often,Never,Often,Often,Often,Strongly agree,Completely unacceptable,Completely unacceptable,Completely unacceptable,Somewhat unacceptable,Neither acceptable or unacceptable,Completely unacceptable,Completely unacceptable,Somewhat unacceptable,Often,Always,Rarely,Often,Sometimes,Often,Sometimes,Rarely,Strongly disagree,Agree,Strongly disagree,Agree,Agree,Neither agree nor disagree,Strongly agree,Strongly disagree,Disagree,Disagree,Strongly disagree,Strongly disagree,Dissatisfied,Dissatisfied,Very dissatisfied,Satisfied,Dissatisfied,Dissatisfied,Agree
2025-03-27 15:24:08,2025-03-27 15:32:44,IP Address,100,516,True,2025-03-27 15:32:45,R_2nPg1sOSpl3tyLr,anonymous,EN,Yes,Yes,Yes,Man,Full Professor,Non-STEM,This year,More than 10 years,,Often,Often,Rarely,Often,Strongly disagree,Strongly disagree,Agree,Disagree,Disagree,Strongly agree,Disagree,Agree,Strongly agree,Neither agree nor disagree,Agree,Neither agree nor disagree,Agree,Agree,Strongly agree,Strongly disagree,Neither agree nor disagree,Strongly agree,Somewhat disagree,Somewhat agree,Somewhat agree,Somewhat disagree,Neither agree nor disagree,Neither agree nor disagree,Neither agree nor disagree,Somewhat agree,Sometimes,Often,Sometimes,Sometimes,Rarely,Always,Always,Often,Often,Often,Rarely,Often,Always,Always,Strongly agree,Completely unacceptable,Completely unacceptable,Completely unacceptable,Somewhat unacceptable,Completely unacceptable,Completely unacceptable,Completely unacceptable,Completely unacceptable,Always,Always,Sometimes,Often,Always,Always,Often,Often,Agree,Agree,Slightly disagree,Slightly agree,Slightly disagree,Agree,Strongly agree,Disagree,Slightly disagree,Disagree,Neither agree nor disagree,Disagree,Dissatisfied,Dissatisfied,Dissatisfied,Satisfied,Satisfied,Slightly satisfied,Agree
2025-03-27 16:01:27,2025-03-27 16:01:53,IP Address,100,26,True,2025-03-27 16:01:54,R_3IAYipOq8mGIonv,anonymous,EN,Yes,Yes,Yes,Woman,PhD student,"STEM (science, technology, engineering, mathematics)",More than 10 years ago or Never,,,,,,,,,,,,,,,,,,,,,,,,,,,,,,,,,,,,,,,,,,,,,,,,,,,,,,,,,,,,,,,,,,,,,,,,,,,,,,,,,,
2025-03-27 17:12:22,2025-03-27 17:28:29,IP Address,100,966,True,2025-03-27 17:28:29,R_4QBe2X68qSQEket,anonymous,EN,Yes,Yes,Yes,Woman,PhD student,"STEM (science, technology, engineering, mathematics)",This year,1-5 years,3-4 articles,Sometimes,Sometimes,Sometimes,Often,Agree,Agree,Agree,Agree,Disagree,Disagree,Strongly agree,Strongly agree,Strongly agree,Strongly agree,Disagree,Strongly agree,Agree,Agree,Disagree,Neither agree nor disagree,Neither agree nor disagree,Disagree,Somewhat disagree,Neither agree nor disagree,Somewhat agree,Neither agree nor disagree,Strongly disagree,Strongly agree,Strongly disagree,Strongly disagree,Often,Sometimes,Sometimes,Rarely,Rarely,Sometimes,Sometimes,Sometimes,Rarely,Rarely,Rarely,Often,Often,Often,Strongly disagree,Completely unacceptable,Completely unacceptable,Completely unacceptable,Completely unacceptable,Completely unacceptable,Completely unacceptable,Completely unacceptable,Completely unacceptable,Sometimes,Sometimes,Rarely,Sometimes,Sometimes,Sometimes,Sometimes,Sometimes,Agree,Agree,Disagree,Slightly agree,Slightly agree,Slightly agree,Agree,Disagree,Neither agree nor disagree,Neither agree nor disagree,Disagree,Neither agree nor disagree,Slightly satisfied,Slightly satisfied,Dissatisfied,Slightly dissatisfied,Dissatisfied,Dissatisfied,Agree
2025-03-27 18:15:11,2025-03-27 18:24:42,IP Address,100,571,True,2025-03-27 18:24:43,R_365sxWLoXaMx5IZ,anonymous,EN,Yes,Yes,Yes,Woman,Associate Professor,Non-STEM,This year,More than 10 years,,Sometimes,Sometimes,Rarely,Rarely,Neither agree nor disagree,Neither agree nor disagree,Strongly agree,Agree,Neither agree nor disagree,Neither agree nor disagree,Agree,Agree,Agree,Agree,Agree,Neither agree nor disagree,Disagree,Agree,Strongly agree,Neither agree nor disagree,Neither agree nor disagree,Neither agree nor disagree,Strongly disagree,Strongly agree,Neither agree nor disagree,Somewhat disagree,Somewhat disagree,Somewhat agree,Somewhat disagree,Somewhat disagree,Often,Never,Often,Rarely,Rarely,Rarely,Rarely,Rarely,Sometimes,Often,Sometimes,Often,Always,Always,Strongly agree,Completely unacceptable,Completely unacceptable,Completely unacceptable,Somewhat unacceptable,Neither acceptable or unacceptable,Completely unacceptable,Completely unacceptable,Completely unacceptable,Often,Often,Rarely,Sometimes,Sometimes,Often,Always,Always,Agree,Neither agree nor disagree,Slightly disagree,Slightly agree,Slightly disagree,Slightly agree,Slightly agree,Slightly agree,Slightly disagree,Neither agree nor disagree,Neither agree nor disagree,Disagree,Neither satisfied nor dissatisfied,Neither satisfied nor dissatisfied,Very satisfied,Slightly satisfied,Slightly satisfied,Neither satisfied nor dissatisfied,Agree
2025-03-27 18:46:31,2025-03-27 19:00:00,IP Address,100,809,True,2025-03-27 19:00:01,R_8abLuLV4B2JAJ6C,anonymous,EN,Yes,Yes,Yes,Man,Assistant Professor,Non-STEM,This year,More than 10 years,,Sometimes,Sometimes,Rarely,Often,Agree,Strongly agree,Strongly agree,Agree,Disagree,Disagree,Neither agree nor disagree,Agree,Agree,Agree,Neither agree nor disagree,Strongly agree,Agree,Agree,Strongly agree,Strongly disagree,Disagree,Agree,Somewhat disagree,Somewhat agree,Neither agree nor disagree,Somewhat disagree,Somewhat disagree,Somewhat agree,Somewhat disagree,Somewhat disagree,Often,Often,Often,Rarely,Rarely,Often,Often,Sometimes,Often,Often,Sometimes,Sometimes,Often,Sometimes,Strongly agree,Completely unacceptable,Completely unacceptable,Completely unacceptable,Completely unacceptable,Somewhat unacceptable,Completely unacceptable,Neither acceptable or unacceptable,Neither acceptable or unacceptable,Often,Often,Sometimes,Often,Rarely,Sometimes,Often,Often,Agree,Neither agree nor disagree,Slightly disagree,Agree,Disagree,Slightly agree,Slightly agree,Slightly agree,Slightly disagree,Slightly disagree,Slightly disagree,Disagree,Dissatisfied,Dissatisfied,Dissatisfied,Neither satisfied nor dissatisfied,Slightly satisfied,Satisfied,Agree
2025-03-27 18:45:17,2025-03-27 19:09:30,IP Address,100,1452,True,2025-03-27 19:09:31,R_6AXRHLS8bncOT8y,anonymous,EN,Yes,Yes,Yes,Man,Full Professor,Non-STEM,In the last year,More than 10 years,,Rarely,Rarely,Rarely,Rarely,Strongly disagree,Disagree,Disagree,Disagree,Agree,Strongly agree,Neither agree nor disagree,Agree,Agree,Agree,Agree,Strongly agree,Strongly agree,Strongly agree,Strongly agree,Strongly disagree,Strongly disagree,Agree,Strongly disagree,Strongly agree,Strongly disagree,Strongly disagree,Strongly agree,Strongly disagree,Strongly agree,Strongly agree,Sometimes,Often,Sometimes,Often,Rarely,Always,Always,Sometimes,Often,Often,Sometimes,Always,Always,Always,Strongly agree,Completely unacceptable,Completely unacceptable,Completely unacceptable,Completely unacceptable,Somewhat unacceptable,Completely unacceptable,Completely unacceptable,Completely unacceptable,Often,Sometimes,Sometimes,Often,Sometimes,Often,Often,Sometimes,Strongly disagree,Slightly disagree,Slightly agree,Slightly agree,Agree,Disagree,Slightly agree,Disagree,Slightly disagree,Disagree,Agree,Strongly disagree,Satisfied,Satisfied,Satisfied,Satisfied,Satisfied,Satisfied,Agree
2025-03-27 19:00:43,2025-03-27 19:10:38,IP Address,100,595,True,2025-03-27 19:10:38,R_8J3gJa6NVpOqXCE,anonymous,EN,Yes,Yes,Yes,Man,Full Professor,Non-STEM,This year,More than 10 years,,Rarely,Sometimes,Rarely,Sometimes,Disagree,Disagree,Agree,Neither agree nor disagree,Disagree,Agree,Disagree,Neither agree nor disagree,Neither agree nor disagree,Agree,Agree,Agree,Agree,Agree,Agree,Disagree,Agree,Agree,Somewhat disagree,Somewhat agree,Somewhat agree,Strongly disagree,Somewhat agree,Strongly disagree,Somewhat agree,Somewhat agree,Often,Often,Often,Rarely,Rarely,Sometimes,Sometimes,Rarely,Often,Often,Sometimes,Often,Often,Often,Strongly agree,Somewhat unacceptable,Completely unacceptable,Completely unacceptable,Somewhat unacceptable,Somewhat acceptable,Completely unacceptable,Somewhat unacceptable,Neither acceptable or unacceptable,Often,Often,Sometimes,Sometimes,Sometimes,Often,Sometimes,Sometimes,Slightly disagree,Slightly agree,Slightly disagree,Neither agree nor disagree,Agree,Slightly agree,Strongly agree,Disagree,Slightly agree,Slightly agree,Slightly disagree,Slightly agree,Very satisfied,Satisfied,Satisfied,Slightly satisfied,Slightly satisfied,Slightly satisfied,Agree
2025-03-27 19:23:37,2025-03-27 19:34:02,IP Address,100,624,True,2025-03-27 19:34:03,R_1q4zb03oQVryKDG,anonymous,EN,Yes,Yes,Yes,Woman,Post Doc,Non-STEM,This year,More than 10 years,,Sometimes,Sometimes,Rarely,Often,Strongly agree,Disagree,Agree,Neither agree nor disagree,Neither agree nor disagree,Strongly agree,Strongly agree,Strongly agree,Strongly agree,Strongly agree,Neither agree nor disagree,Strongly agree,Agree,Agree,Agree,Neither agree nor disagree,Agree,Neither agree nor disagree,Strongly disagree,Strongly agree,Neither agree nor disagree,Strongly disagree,Strongly agree,Strongly disagree,Somewhat agree,Strongly agree,Sometimes,Sometimes,Never,Often,Rarely,Always,Always,Rarely,Often,Often,Never,Sometimes,Often,Sometimes,Strongly agree,Neither acceptable or unacceptable,Completely unacceptable,Neither acceptable or unacceptable,Completely unacceptable,Neither acceptable or unacceptable,Completely unacceptable,Neither acceptable or unacceptable,Neither acceptable or unacceptable,Often,Sometimes,Rarely,Sometimes,Often,Always,Often,Often,Slightly agree,Neither agree nor disagree,Slightly agree,Agree,Disagree,Slightly agree,Strongly disagree,Slightly disagree,Strongly disagree,Strongly disagree,Neither agree nor disagree,Strongly disagree,Slightly dissatisfied,Slightly satisfied,Dissatisfied,Slightly satisfied,Slightly satisfied,Slightly satisfied,Agree
2025-03-27 19:37:39,2025-03-27 19:47:56,IP Address,100,617,True,2025-03-27 19:47:57,R_5dJ2UWFmWGQwzHr,anonymous,EN,Yes,Yes,Yes,Woman,Assistant Professor,Non-STEM,This year,More than 10 years,,Often,Sometimes,Rarely,Sometimes,Disagree,Strongly agree,Agree,Agree,Neither agree nor disagree,Neither agree nor disagree,Agree,Agree,Agree,Strongly agree,Disagree,Agree,Agree,Agree,Agree,Disagree,Disagree,Agree,Strongly disagree,Strongly agree,Somewhat disagree,Somewhat disagree,Somewhat disagree,Somewhat agree,Neither agree nor disagree,Somewhat agree,Sometimes,Sometimes,Sometimes,Sometimes,Rarely,Rarely,Never,Never,Sometimes,Sometimes,Sometimes,Sometimes,Often,Often,Strongly agree,Completely unacceptable,Completely unacceptable,Completely unacceptable,Somewhat unacceptable,Somewhat unacceptable,Completely unacceptable,Completely unacceptable,Completely unacceptable,Sometimes,Often,Sometimes,Often,Often,Often,Often,Often,Slightly disagree,Slightly agree,Slightly disagree,Slightly agree,Slightly agree,Slightly agree,Slightly agree,Slightly agree,Slightly disagree,Slightly disagree,Slightly disagree,Neither agree nor disagree,Dissatisfied,Dissatisfied,Dissatisfied,Dissatisfied,Slightly satisfied,Slightly satisfied,Agree
2025-03-27 20:35:07,2025-03-27 20:46:05,IP Address,100,658,True,2025-03-27 20:46:06,R_647zv6f98AhKHbN,anonymous,EN,Yes,Yes,Yes,Woman,Post Doc,"STEM (science, technology, engineering, mathematics)",This year,6-10 years,,Often,Never,Rarely,Sometimes,Disagree,Agree,Strongly agree,Strongly disagree,Agree,Disagree,Agree,Strongly agree,Strongly agree,Strongly agree,Neither agree nor disagree,Strongly agree,Agree,Agree,Disagree,Agree,Agree,Agree,Somewhat disagree,Somewhat agree,Somewhat disagree,Somewhat disagree,Somewhat disagree,Strongly agree,Strongly disagree,Somewhat disagree,Often,Always,Always,Never,Rarely,Often,Often,Rarely,Sometimes,Often,Sometimes,Always,Always,Often,Strongly agree,Somewhat unacceptable,Somewhat unacceptable,Somewhat unacceptable,Completely unacceptable,Somewhat unacceptable,Completely unacceptable,Completely unacceptable,Somewhat unacceptable,Sometimes,Sometimes,Rarely,Rarely,Sometimes,Often,Often,Often,Strongly agree,Strongly disagree,Strongly agree,Slightly agree,Disagree,Slightly disagree,Slightly disagree,Agree,Strongly disagree,Strongly disagree,Strongly agree,Strongly disagree,Slightly satisfied,Slightly satisfied,Slightly satisfied,Slightly satisfied,Satisfied,Satisfied,Agree
2025-03-27 20:48:32,2025-03-27 20:58:23,IP Address,100,590,True,2025-03-27 20:58:23,R_12QposrbXZHupMK,anonymous,EN,Yes,Yes,Yes,Woman,Full Professor,Non-STEM,In the last year,More than 10 years,,Rarely,Rarely,Never,Rarely,Disagree,Disagree,Agree,Disagree,Agree,Agree,Disagree,Disagree,Disagree,Disagree,Agree,Disagree,Agree,Neither agree nor disagree,Agree,Disagree,Disagree,Agree,Somewhat disagree,Somewhat agree,Somewhat agree,Neither agree nor disagree,Strongly agree,Strongly disagree,Strongly agree,Strongly agree,Sometimes,Rarely,Sometimes,Often,Rarely,Often,Often,Sometimes,Often,Often,Sometimes,Always,Always,Always,Strongly agree,Completely unacceptable,Completely unacceptable,Completely unacceptable,Completely unacceptable,Somewhat unacceptable,Completely unacceptable,Completely unacceptable,Completely unacceptable,Always,Always,Sometimes,Often,Often,Often,Always,Often,Agree,Slightly agree,Slightly disagree,Neither agree nor disagree,Slightly disagree,Agree,Strongly agree,Disagree,Disagree,Disagree,Slightly disagree,Agree,Very satisfied,Very satisfied,Dissatisfied,Satisfied,Satisfied,Neither satisfied nor dissatisfied,Agree
2025-03-27 21:37:11,2025-03-27 21:45:07,IP Address,100,475,True,2025-03-27 21:45:07,R_3YQ7jhwxM4fd3Po,anonymous,EN,Yes,Yes,Yes,Woman,Post Doc,Non-STEM,In the last year,6-10 years,,Rarely,Sometimes,Rarely,Rarely,Disagree,Neither agree nor disagree,Disagree,Disagree,Agree,Agree,Agree,Strongly agree,Strongly agree,Strongly agree,Disagree,Strongly agree,Neither agree nor disagree,Agree,Agree,Disagree,Disagree,Strongly agree,Strongly agree,Somewhat agree,Somewhat agree,Somewhat agree,Strongly agree,Somewhat disagree,Strongly agree,Strongly agree,Rarely,Sometimes,Rarely,Often,Rarely,Often,Often,Often,Always,Often,Often,Often,Often,Often,Strongly agree,Somewhat unacceptable,Completely unacceptable,Completely unacceptable,Somewhat unacceptable,Completely unacceptable,Completely unacceptable,Completely unacceptable,Neither acceptable or unacceptable,Often,Often,Often,Often,Always,Often,Sometimes,Rarely,Agree,Strongly disagree,Slightly agree,Slightly agree,Disagree,Strongly agree,Disagree,Disagree,Strongly disagree,Strongly disagree,Agree,Strongly disagree,Slightly satisfied,Slightly satisfied,Slightly satisfied,Very satisfied,Neither satisfied nor dissatisfied,Neither satisfied nor dissatisfied,Agree
2025-03-27 21:45:28,2025-03-27 21:46:03,IP Address,100,35,True,2025-03-27 21:46:04,R_58zTXtKzEOC66ky,anonymous,EN,Yes,Yes,Yes,Woman,PhD student,"STEM (science, technology, engineering, mathematics)",More than 10 years ago or Never,,,,,,,,,,,,,,,,,,,,,,,,,,,,,,,,,,,,,,,,,,,,,,,,,,,,,,,,,,,,,,,,,,,,,,,,,,,,,,,,,,
2025-03-27 22:25:05,2025-03-27 22:35:45,IP Address,100,639,True,2025-03-27 22:35:45,R_3JJCrYparNU3uJA,anonymous,EN,Yes,Yes,Yes,Woman,Assistant Professor,Non-STEM,In the last year,6-10 years,,Often,Often,Sometimes,Often,Strongly agree,Strongly agree,Strongly agree,Strongly agree,Disagree,Strongly disagree,Agree,Agree,Agree,Strongly agree,Disagree,Agree,Strongly agree,Agree,Strongly agree,Disagree,Agree,Neither agree nor disagree,Somewhat disagree,Somewhat agree,Strongly agree,Somewhat disagree,Strongly disagree,Strongly agree,Strongly disagree,Strongly disagree,Always,Always,Always,Never,Rarely,Often,Always,Sometimes,Often,Often,Sometimes,Sometimes,Often,Often,Strongly agree,Completely unacceptable,Completely unacceptable,Somewhat unacceptable,Neither acceptable or unacceptable,Somewhat acceptable,Completely unacceptable,Somewhat unacceptable,Completely unacceptable,Often,Sometimes,Rarely,Sometimes,Rarely,Sometimes,Often,Sometimes,Slightly agree,Strongly agree,Disagree,Neither agree nor disagree,Agree,Neither agree nor disagree,Strongly agree,Slightly disagree,Neither agree nor disagree,Disagree,Strongly disagree,Agree,Dissatisfied,Dissatisfied,Very dissatisfied,Dissatisfied,Slightly dissatisfied,Neither satisfied nor dissatisfied,Agree
2025-03-27 22:35:28,2025-03-27 22:46:16,IP Address,100,648,True,2025-03-27 22:46:17,R_7LU3ganuKh9YTDQ,anonymous,EN,Yes,Yes,Yes,Woman,PhD student,Non-STEM,This year,1-5 years,3-4 articles,Often,Sometimes,Rarely,Often,Strongly agree,Neither agree nor disagree,Neither agree nor disagree,Agree,Agree,Disagree,Agree,Agree,Agree,Agree,Disagree,Agree,Agree,Agree,Neither agree nor disagree,Neither agree nor disagree,Neither agree nor disagree,Neither agree nor disagree,Strongly agree,Strongly disagree,Strongly agree,Strongly agree,Neither agree nor disagree,Neither agree nor disagree,Neither agree nor disagree,Neither agree nor disagree,Sometimes,Sometimes,Sometimes,Sometimes,Rarely,Always,Always,Often,Sometimes,Sometimes,Sometimes,Often,Often,Often,Strongly agree,Completely unacceptable,Completely unacceptable,Completely unacceptable,Completely unacceptable,Somewhat unacceptable,Completely unacceptable,Completely unacceptable,Completely unacceptable,Sometimes,Never,Sometimes,Sometimes,Sometimes,Sometimes,Sometimes,Sometimes,Slightly agree,Strongly agree,Neither agree nor disagree,Slightly agree,Slightly disagree,Slightly disagree,Agree,Neither agree nor disagree,Slightly disagree,Slightly disagree,Slightly disagree,Neither agree nor disagree,Slightly satisfied,Slightly satisfied,Neither satisfied nor dissatisfied,Slightly satisfied,Neither satisfied nor dissatisfied,Neither satisfied nor dissatisfied,Agree
2025-03-27 23:21:17,2025-03-27 23:30:05,IP Address,100,528,True,2025-03-27 23:30:09,R_6jeUEtP2F4ouCyI,anonymous,EN,Yes,Yes,Yes,Woman,PhD student,Non-STEM,This year,1-5 years,1-2 articles,Often,Rarely,Sometimes,Sometimes,Disagree,Neither agree nor disagree,Disagree,Disagree,Agree,Disagree,Neither agree nor disagree,Neither agree nor disagree,Strongly agree,Agree,Strongly disagree,Strongly agree,Strongly agree,Strongly agree,Strongly agree,Disagree,Neither agree nor disagree,Agree,Somewhat agree,Somewhat disagree,Strongly agree,Somewhat agree,Somewhat agree,Somewhat agree,Neither agree nor disagree,Somewhat agree,Often,Sometimes,Sometimes,Sometimes,Rarely,Always,Always,Sometimes,Always,Always,Sometimes,Often,Often,Often,Strongly agree,Completely unacceptable,Completely unacceptable,Somewhat unacceptable,Completely unacceptable,Somewhat unacceptable,Completely unacceptable,Completely unacceptable,Somewhat unacceptable,Sometimes,Often,Often,Often,Often,Often,Often,Often,Slightly disagree,Disagree,Agree,Disagree,Slightly agree,Slightly agree,Disagree,Agree,Neither agree nor disagree,Neither agree nor disagree,Agree,Disagree,Slightly dissatisfied,Slightly dissatisfied,Slightly dissatisfied,Satisfied,Slightly satisfied,Slightly satisfied,Agree
2025-03-28 08:14:52,2025-03-28 08:24:37,IP Address,100,584,True,2025-03-28 08:24:37,R_8Easq157VrEv1DA,anonymous,EN,Yes,Yes,Yes,Man,PhD student,Non-STEM,In the last 5 years,1-5 years,3-4 articles,Often,Always,Often,Often,Agree,Agree,Agree,Strongly agree,Agree,Strongly agree,Agree,Agree,Agree,Disagree,Disagree,Disagree,Neither agree nor disagree,Agree,Neither agree nor disagree,Neither agree nor disagree,Agree,Agree,Somewhat agree,Somewhat agree,Neither agree nor disagree,Somewhat agree,Strongly agree,Strongly agree,Strongly agree,Somewhat agree,Often,Often,Often,Always,Always,Rarely,Rarely,Rarely,Sometimes,Often,Often,Sometimes,Sometimes,Sometimes,Strongly agree,Neither acceptable or unacceptable,Neither acceptable or unacceptable,Somewhat acceptable,Completely acceptable,Somewhat acceptable,Neither acceptable or unacceptable,Neither acceptable or unacceptable,Neither acceptable or unacceptable,Often,Often,Often,Often,Often,Often,Sometimes,Often,Slightly agree,Strongly agree,Strongly agree,Slightly agree,Agree,Slightly agree,Agree,Strongly agree,Slightly agree,Strongly agree,Agree,Strongly agree,Satisfied,Satisfied,Neither satisfied nor dissatisfied,Slightly satisfied,Neither satisfied nor dissatisfied,Slightly dissatisfied,Agree
2025-03-28 09:40:25,2025-03-28 09:51:33,IP Address,100,667,True,2025-03-28 09:51:33,R_2IbcBdNCRb3k51a,anonymous,EN,Yes,Yes,Yes,Woman,This does not apply to me,"STEM (science, technology, engineering, mathematics)",In the last 5 years,Less than 1 year,,Always,Always,Always,Always,Agree,Disagree,Agree,Strongly agree,Neither agree nor disagree,Agree,Disagree,Strongly agree,Strongly agree,Strongly agree,Strongly agree,Strongly agree,Agree,Agree,Strongly disagree,Agree,Neither agree nor disagree,Disagree,Somewhat disagree,Neither agree nor disagree,Somewhat agree,Somewhat disagree,Somewhat agree,Neither agree nor disagree,Somewhat agree,Somewhat agree,Often,Often,Often,Rarely,Rarely,Never,Never,Never,Rarely,Rarely,Never,Rarely,Never,Rarely,Strongly agree,Completely unacceptable,Completely unacceptable,Somewhat unacceptable,Completely unacceptable,Completely unacceptable,Completely unacceptable,Completely unacceptable,Completely unacceptable,Never,Never,Rarely,Rarely,Never,Never,Never,Never,Slightly agree,Agree,Neither agree nor disagree,Strongly disagree,Slightly agree,Disagree,Disagree,Disagree,Agree,Agree,Agree,Agree,Neither satisfied nor dissatisfied,Neither satisfied nor dissatisfied,Slightly dissatisfied,Very dissatisfied,Very dissatisfied,Very dissatisfied,Agree
2025-03-28 11:34:48,2025-03-28 11:35:05,IP Address,100,17,True,2025-03-28 11:35:06,R_2dvuMs4gNYmuZE9,anonymous,EN,Yes,Yes,No,,,,,,,,,,,,,,,,,,,,,,,,,,,,,,,,,,,,,,,,,,,,,,,,,,,,,,,,,,,,,,,,,,,,,,,,,,,,,,,,,,,,,,
2025-03-28 13:39:55,2025-03-28 13:50:08,IP Address,100,612,True,2025-03-28 13:50:08,R_84cvzR8iEP0MIkR,anonymous,EN,Yes,Yes,Yes,Woman,Full Professor,"STEM (science, technology, engineering, mathematics)",This year,More than 10 years,,Often,Often,Rarely,Sometimes,Agree,Agree,Strongly agree,Agree,Agree,Disagree,Agree,Agree,Agree,Strongly agree,Disagree,Agree,Disagree,Neither agree nor disagree,Agree,Neither agree nor disagree,Disagree,Agree,Strongly disagree,Strongly agree,Strongly disagree,Strongly disagree,Somewhat disagree,Somewhat agree,Neither agree nor disagree,Somewhat disagree,Sometimes,Often,Sometimes,Rarely,Rarely,Sometimes,Never,Never,Never,Sometimes,Rarely,Rarely,Often,Rarely,Strongly disagree,Completely unacceptable,Completely unacceptable,Completely unacceptable,Somewhat unacceptable,Completely unacceptable,Completely unacceptable,Completely unacceptable,Completely unacceptable,Often,Often,Sometimes,Sometimes,Often,Often,Often,Often,Slightly disagree,Slightly agree,Slightly disagree,Slightly agree,Slightly disagree,Neither agree nor disagree,Slightly agree,Slightly disagree,Neither agree nor disagree,Slightly agree,Neither agree nor disagree,Agree,Dissatisfied,Dissatisfied,Slightly dissatisfied,Slightly dissatisfied,Satisfied,Satisfied,Agree
2025-03-28 14:46:15,2025-03-28 14:54:04,IP Address,100,469,True,2025-03-28 14:54:04,R_8HUFvNEBXIBmvvP,anonymous,EN,Yes,Yes,Yes,Man,Post Doc,Non-STEM,In the last year,More than 10 years,,Sometimes,Often,Sometimes,Often,Agree,Agree,Strongly agree,Agree,Neither agree nor disagree,Neither agree nor disagree,Neither agree nor disagree,Agree,Agree,Strongly agree,Neither agree nor disagree,Agree,Neither agree nor disagree,Agree,Agree,Neither agree nor disagree,Neither agree nor disagree,Neither agree nor disagree,Somewhat agree,Somewhat disagree,Somewhat agree,Somewhat agree,Neither agree nor disagree,Strongly agree,Somewhat disagree,Somewhat disagree,Always,Often,Often,Sometimes,Rarely,Sometimes,Sometimes,Sometimes,Often,Often,Sometimes,Always,Often,Often,Strongly disagree,Somewhat unacceptable,Completely unacceptable,Completely unacceptable,Somewhat unacceptable,Neither acceptable or unacceptable,Somewhat unacceptable,Somewhat unacceptable,Completely unacceptable,Often,Often,Sometimes,Often,Sometimes,Always,Sometimes,Sometimes,Strongly disagree,Agree,Strongly disagree,Disagree,Strongly agree,Strongly disagree,Agree,Strongly disagree,Agree,Agree,Slightly agree,Disagree,Slightly satisfied,Satisfied,Dissatisfied,Slightly dissatisfied,Slightly dissatisfied,Slightly dissatisfied,Agree
2025-03-28 14:53:23,2025-03-28 14:58:44,IP Address,100,320,True,2025-03-28 14:58:44,R_2ilFAYXGMWEE3Lc,anonymous,EN,Yes,Yes,Yes,Man,Full Professor,"STEM (science, technology, engineering, mathematics)",This year,More than 10 years,,Never,Never,Never,Never,Strongly disagree,Disagree,Strongly disagree,Strongly disagree,Strongly agree,Strongly agree,Strongly disagree,Agree,Agree,Strongly disagree,Strongly disagree,Disagree,Strongly agree,Strongly agree,Strongly agree,Strongly disagree,Strongly disagree,Agree,Strongly disagree,Strongly agree,Strongly disagree,Strongly disagree,Strongly agree,Strongly disagree,Strongly agree,Strongly agree,Rarely,Rarely,Rarely,Often,Rarely,Always,Always,Often,Always,Always,Always,Often,Often,Often,Strongly disagree,Completely unacceptable,Completely unacceptable,Completely unacceptable,Completely unacceptable,Somewhat unacceptable,Completely unacceptable,Completely unacceptable,Completely unacceptable,Always,Always,Always,Always,Always,Always,Often,Sometimes,Agree,Strongly disagree,Agree,Agree,Disagree,Strongly agree,Neither agree nor disagree,Slightly agree,Strongly disagree,Strongly disagree,Agree,Strongly disagree,Very dissatisfied,Very dissatisfied,Slightly dissatisfied,Very satisfied,Slightly dissatisfied,Slightly dissatisfied,Disagree
2025-03-28 14:48:23,2025-03-28 15:05:23,IP Address,100,1019,True,2025-03-28 15:05:23,R_1pYMRbKyzeBxD8h,anonymous,EN,Yes,Yes,Yes,Woman,PhD student,Non-STEM,This year,1-5 years,3-4 articles,Sometimes,Never,Never,Sometimes,Disagree,Neither agree nor disagree,Disagree,Strongly disagree,Agree,Agree,Neither agree nor disagree,Neither agree nor disagree,Neither agree nor disagree,Agree,Agree,Agree,Agree,Agree,Agree,Disagree,Disagree,Agree,Neither agree nor disagree,Strongly disagree,Somewhat agree,Somewhat disagree,Strongly agree,Strongly disagree,Strongly agree,Strongly agree,Sometimes,Rarely,Rarely,Often,Rarely,Often,Sometimes,Sometimes,Sometimes,Often,Rarely,Often,Often,Often,Strongly agree,Completely unacceptable,Completely unacceptable,Somewhat unacceptable,Somewhat unacceptable,Somewhat unacceptable,Somewhat unacceptable,Somewhat unacceptable,Neither acceptable or unacceptable,Often,Often,Often,Often,Often,Often,Often,Often,Slightly disagree,Slightly agree,Slightly disagree,Slightly disagree,Slightly disagree,Slightly disagree,Slightly disagree,Slightly agree,Slightly disagree,Neither agree nor disagree,Slightly disagree,Strongly disagree,Satisfied,Satisfied,Satisfied,Satisfied,Slightly satisfied,Slightly satisfied,Agree
2025-03-28 15:09:55,2025-03-28 15:21:13,IP Address,100,678,True,2025-03-28 15:21:14,R_8Cax46GMX79wPyp,anonymous,EN,Yes,Yes,Yes,Woman,Post Doc,Non-STEM,This year,More than 10 years,,Sometimes,Rarely,Rarely,Sometimes,Disagree,Agree,Strongly agree,Agree,Neither agree nor disagree,Disagree,Disagree,Neither agree nor disagree,Agree,Neither agree nor disagree,Agree,Neither agree nor disagree,Agree,Agree,Strongly agree,Strongly disagree,Agree,Disagree,Somewhat disagree,Somewhat agree,Somewhat disagree,Somewhat disagree,Somewhat disagree,Somewhat agree,Somewhat disagree,Somewhat disagree,Often,Often,Sometimes,Sometimes,Rarely,Often,Often,Sometimes,Often,Often,Sometimes,Always,Often,Always,Strongly agree,Completely unacceptable,Somewhat unacceptable,Completely unacceptable,Somewhat unacceptable,Completely acceptable,Neither acceptable or unacceptable,Completely acceptable,Completely unacceptable,Often,Often,Sometimes,Often,Sometimes,Often,Always,Often,Disagree,Agree,Slightly disagree,Disagree,Agree,Disagree,Slightly agree,Slightly disagree,Slightly agree,Slightly agree,Slightly disagree,Disagree,Neither satisfied nor dissatisfied,Slightly dissatisfied,Slightly dissatisfied,Satisfied,Neither satisfied nor dissatisfied,Slightly dissatisfied,Agree
2025-03-28 14:57:20,2025-03-28 16:32:18,IP Address,100,5698,True,2025-03-28 16:32:19,R_6Sk85JNUNeH335n,anonymous,EN,Yes,Yes,Yes,Woman,PhD student,Non-STEM,More than 10 years ago or Never,,,,,,,,,,,,,,,,,,,,,,,,,,,,,,,,,,,,,,,,,,,,,,,,,,,,,,,,,,,,,,,,,,,,,,,,,,,,,,,,,,
2025-03-28 19:33:34,2025-03-28 19:49:56,IP Address,100,981,True,2025-03-28 19:49:56,R_2Dvvydlx2rVWBjB,anonymous,EN,Yes,Yes,Yes,Woman,Associate Professor,"STEM (science, technology, engineering, mathematics)",This year,More than 10 years,,Often,Sometimes,Sometimes,Sometimes,Agree,Strongly disagree,Agree,Agree,Neither agree nor disagree,Strongly disagree,Neither agree nor disagree,Agree,Neither agree nor disagree,Strongly agree,Neither agree nor disagree,Strongly agree,Neither agree nor disagree,Agree,Agree,Disagree,Disagree,Agree,Somewhat disagree,Strongly agree,Somewhat agree,Somewhat disagree,Somewhat disagree,Somewhat agree,Somewhat disagree,Somewhat disagree,Sometimes,Never,Rarely,Rarely,Rarely,Never,Never,Never,Rarely,Sometimes,Rarely,Rarely,Sometimes,Sometimes,Strongly agree,Neither acceptable or unacceptable,Somewhat acceptable,Completely unacceptable,Neither acceptable or unacceptable,Somewhat unacceptable,Completely unacceptable,Somewhat unacceptable,Completely unacceptable,Often,Often,Rarely,Often,Often,Often,Often,Often,Disagree,Neither agree nor disagree,Neither agree nor disagree,Disagree,Slightly agree,Disagree,Slightly disagree,Slightly agree,Disagree,Disagree,Disagree,Slightly agree,Slightly satisfied,Slightly satisfied,Slightly satisfied,Neither satisfied nor dissatisfied,Satisfied,Slightly satisfied,Disagree
2025-03-28 20:20:56,2025-03-28 20:39:38,IP Address,100,1122,True,2025-03-28 20:39:39,R_2R1RpKXVOVyqD2p,anonymous,EN,Yes,Yes,Yes,Woman,Post Doc,"STEM (science, technology, engineering, mathematics)",In the last 5 years,6-10 years,,Rarely,Never,Never,Rarely,Strongly disagree,Disagree,Disagree,Strongly disagree,Agree,Disagree,Neither agree nor disagree,Disagree,Strongly disagree,Disagree,Agree,Neither agree nor disagree,Strongly agree,Strongly agree,Agree,Strongly disagree,Neither agree nor disagree,Strongly agree,Strongly disagree,Somewhat agree,Strongly disagree,Strongly disagree,Strongly agree,Strongly disagree,Somewhat agree,Strongly agree,Sometimes,Sometimes,Sometimes,Often,Rarely,Often,Always,Often,Often,Often,Often,Often,Always,Often,Strongly agree,Completely unacceptable,Completely unacceptable,Completely unacceptable,Neither acceptable or unacceptable,Completely unacceptable,Completely unacceptable,Neither acceptable or unacceptable,Neither acceptable or unacceptable,Often,Sometimes,Sometimes,Often,Often,Often,Always,Always,Agree,Disagree,Neither agree nor disagree,Agree,Disagree,Agree,Disagree,Agree,Strongly disagree,Strongly disagree,Strongly agree,Strongly disagree,Satisfied,Satisfied,Slightly satisfied,Slightly satisfied,Slightly satisfied,Slightly satisfied,Agree
2025-03-28 21:00:09,2025-03-28 21:00:45,IP Address,100,35,True,2025-03-28 21:00:45,R_8sIbwB0nxh6AmdP,anonymous,EN,Yes,Yes,Yes,Man,PhD student,Non-STEM,More than 10 years ago or Never,,,,,,,,,,,,,,,,,,,,,,,,,,,,,,,,,,,,,,,,,,,,,,,,,,,,,,,,,,,,,,,,,,,,,,,,,,,,,,,,,,
2025-03-29 09:05:03,2025-03-29 09:10:06,IP Address,100,302,True,2025-03-29 09:10:06,R_2gSgbnzz5iTHhow,anonymous,EN,Yes,Yes,Yes,Woman,This does not apply to me,Non-STEM,This year,1-5 years,,Sometimes,Never,Rarely,Often,Disagree,Strongly disagree,Agree,Strongly disagree,Agree,Agree,Strongly agree,Strongly agree,Strongly agree,Strongly disagree,Disagree,Strongly agree,Strongly agree,Agree,Strongly agree,Neither agree nor disagree,Strongly disagree,Agree,Somewhat disagree,Somewhat agree,Somewhat agree,Neither agree nor disagree,Somewhat disagree,Somewhat agree,Somewhat disagree,Neither agree nor disagree,Often,Often,Often,Rarely,Rarely,Often,Rarely,Rarely,Often,Always,Sometimes,Always,Always,Always,Strongly agree,Completely unacceptable,Completely unacceptable,Completely unacceptable,Completely unacceptable,Somewhat acceptable,Completely unacceptable,Completely unacceptable,Completely unacceptable,Often,Often,Sometimes,Often,Sometimes,Always,Always,Always,Strongly agree,Agree,Slightly disagree,Strongly agree,Disagree,Neither agree nor disagree,Strongly agree,Disagree,Strongly disagree,Strongly disagree,Slightly disagree,Neither agree nor disagree,Very satisfied,Very satisfied,Satisfied,Satisfied,Satisfied,Satisfied,Agree
2025-03-29 12:45:26,2025-03-29 12:55:35,IP Address,100,608,True,2025-03-29 12:55:35,R_4QQUN6WoXN2n743,anonymous,EN,Yes,Yes,Yes,Man,Post Doc,Non-STEM,This year,More than 10 years,,Sometimes,Rarely,Rarely,Often,Neither agree nor disagree,Strongly agree,Strongly agree,Agree,Strongly disagree,Strongly disagree,Neither agree nor disagree,Neither agree nor disagree,Neither agree nor disagree,Agree,Strongly disagree,Neither agree nor disagree,Agree,Agree,Agree,Disagree,Neither agree nor disagree,Agree,Somewhat agree,Strongly disagree,Strongly agree,Somewhat agree,Somewhat disagree,Somewhat agree,Somewhat disagree,Somewhat disagree,Sometimes,Often,Often,Rarely,Rarely,Rarely,Often,Sometimes,Sometimes,Sometimes,Sometimes,Sometimes,Sometimes,Sometimes,Strongly agree,Completely unacceptable,Completely unacceptable,Somewhat unacceptable,Completely unacceptable,Somewhat unacceptable,Completely unacceptable,Completely unacceptable,Completely unacceptable,Sometimes,Sometimes,Sometimes,Sometimes,Sometimes,Sometimes,Sometimes,Sometimes,Slightly agree,Slightly disagree,Disagree,Slightly disagree,Slightly agree,Slightly disagree,Slightly agree,Slightly disagree,Disagree,Disagree,Slightly disagree,Slightly disagree,Slightly dissatisfied,Slightly dissatisfied,Dissatisfied,Dissatisfied,Slightly dissatisfied,Slightly dissatisfied,Agree
2025-03-30 09:53:28,2025-03-30 09:53:43,IP Address,100,15,True,2025-03-30 09:53:43,R_98KF9W3bI2MfuKJ,anonymous,EN,Yes,No,,,,,,,,,,,,,,,,,,,,,,,,,,,,,,,,,,,,,,,,,,,,,,,,,,,,,,,,,,,,,,,,,,,,,,,,,,,,,,,,,,,,,,,
2025-03-30 12:17:40,2025-03-30 12:18:11,IP Address,100,31,True,2025-03-30 12:18:11,R_8R2YqD3CBc3ppSZ,anonymous,EN,Yes,Yes,No,,,,,,,,,,,,,,,,,,,,,,,,,,,,,,,,,,,,,,,,,,,,,,,,,,,,,,,,,,,,,,,,,,,,,,,,,,,,,,,,,,,,,,
2025-03-31 06:31:51,2025-03-31 06:36:06,IP Address,100,255,True,2025-03-31 06:36:07,R_2cI2yTwIPBx2WY1,anonymous,EN,Yes,Yes,Yes,Woman,Assistant Professor,"STEM (science, technology, engineering, mathematics)",In the last year,6-10 years,,Always,Always,Always,Always,Strongly agree,Strongly agree,Strongly agree,Strongly agree,Strongly disagree,Strongly disagree,Agree,Strongly agree,Strongly agree,Strongly agree,Strongly disagree,Strongly agree,Strongly disagree,Strongly agree,Strongly agree,Agree,Strongly agree,Strongly disagree,Strongly agree,Strongly disagree,Strongly agree,Strongly agree,Strongly disagree,Strongly agree,Strongly agree,Strongly disagree,Always,Always,Always,Never,Rarely,Never,Rarely,Never,Never,Always,Often,Never,Often,Always,Strongly agree,Somewhat acceptable,Somewhat acceptable,Somewhat acceptable,Somewhat unacceptable,Somewhat acceptable,Completely unacceptable,Somewhat unacceptable,Neither acceptable or unacceptable,Sometimes,Never,Never,Never,Never,Never,Sometimes,Sometimes,Strongly disagree,Strongly agree,Strongly disagree,Agree,Agree,Strongly disagree,Agree,Strongly disagree,Strongly agree,Strongly agree,Strongly disagree,Strongly agree,Very dissatisfied,Very dissatisfied,Very dissatisfied,Very dissatisfied,Slightly satisfied,Slightly satisfied,Disagree
2025-03-31 08:52:48,2025-03-31 09:05:55,IP Address,100,787,True,2025-03-31 09:05:55,R_2QFNkZq0TDXTCI7,anonymous,EN,Yes,Yes,Yes,Woman,Post Doc,Non-STEM,In the last year,6-10 years,,Rarely,Rarely,Rarely,Sometimes,Disagree,Agree,Strongly agree,Disagree,Agree,Disagree,Agree,Disagree,Disagree,Neither agree nor disagree,Agree,Disagree,Agree,Agree,Neither agree nor disagree,Disagree,Disagree,Disagree,Strongly disagree,Somewhat agree,Somewhat agree,Strongly disagree,Neither agree nor disagree,Somewhat agree,Somewhat disagree,Neither agree nor disagree,Sometimes,Often,Often,Rarely,Rarely,Always,Always,Often,Always,Always,Always,Always,Often,Always,Strongly agree,Completely unacceptable,Somewhat acceptable,Completely unacceptable,Completely unacceptable,Somewhat acceptable,Completely unacceptable,Completely unacceptable,Completely unacceptable,Often,Often,Sometimes,Often,Often,Often,Often,Often,Agree,Slightly agree,Slightly disagree,Disagree,Slightly agree,Disagree,Agree,Disagree,Slightly disagree,Slightly agree,Disagree,Slightly agree,Neither satisfied nor dissatisfied,Slightly satisfied,Neither satisfied nor dissatisfied,Slightly satisfied,Satisfied,Satisfied,Agree
2025-03-31 10:43:18,2025-03-31 10:51:27,IP Address,100,488,True,2025-03-31 10:51:28,R_5QWpGzRKxI8Ssfh,anonymous,EN,Yes,Yes,Yes,Man,Assistant Professor,Non-STEM,This year,6-10 years,,Often,Sometimes,Often,Sometimes,Neither agree nor disagree,Agree,Strongly agree,Agree,Disagree,Disagree,Disagree,Agree,Agree,Agree,Disagree,Agree,Disagree,Agree,Agree,Disagree,Agree,Neither agree nor disagree,Somewhat disagree,Somewhat agree,Somewhat disagree,Somewhat disagree,Strongly disagree,Strongly agree,Strongly disagree,Strongly disagree,Always,Often,Often,Rarely,Rarely,Sometimes,Sometimes,Rarely,Often,Always,Always,Sometimes,Often,Sometimes,Strongly agree,Completely unacceptable,Completely unacceptable,Completely unacceptable,Completely unacceptable,Neither acceptable or unacceptable,Completely unacceptable,Completely unacceptable,Completely unacceptable,Often,Often,Sometimes,Sometimes,Sometimes,Often,Often,Often,Disagree,Agree,Disagree,Disagree,Agree,Disagree,Agree,Disagree,Slightly disagree,Neither agree nor disagree,Disagree,Neither agree nor disagree,Slightly satisfied,Slightly satisfied,Very satisfied,Very satisfied,Very satisfied,Very satisfied,Agree
2025-03-28 14:45:31,2025-03-31 13:08:40,IP Address,100,249789,True,2025-03-31 13:08:41,R_8rqOgPYV3y3vK2m,anonymous,EN,Yes,Yes,Yes,Woman,PhD student,Non-STEM,More than 10 years ago or Never,,,,,,,,,,,,,,,,,,,,,,,,,,,,,,,,,,,,,,,,,,,,,,,,,,,,,,,,,,,,,,,,,,,,,,,,,,,,,,,,,,
2025-04-01 14:50:38,2025-04-01 14:50:50,IP Address,100,11,True,2025-04-01 14:50:51,R_5GUkISph3FjeaQ3,email,EN,Yes,No,,,,,,,,,,,,,,,,,,,,,,,,,,,,,,,,,,,,,,,,,,,,,,,,,,,,,,,,,,,,,,,,,,,,,,,,,,,,,,,,,,,,,,,
2025-04-01 14:56:09,2025-04-01 14:57:05,IP Address,100,55,True,2025-04-01 14:57:06,R_7Y5s79xkPvCwMNn,email,EN,Yes,No,,,,,,,,,,,,,,,,,,,,,,,,,,,,,,,,,,,,,,,,,,,,,,,,,,,,,,,,,,,,,,,,,,,,,,,,,,,,,,,,,,,,,,,
2025-04-01 14:49:46,2025-04-01 15:04:37,IP Address,100,891,True,2025-04-01 15:04:38,R_5V7n02zuGK2ITPe,email,EN,Yes,Yes,Yes,Woman,Post Doc,"STEM (science, technology, engineering, mathematics)",This year,1-5 years,,Sometimes,Rarely,Rarely,Rarely,Agree,Strongly disagree,Disagree,Disagree,Strongly agree,Disagree,Neither agree nor disagree,Agree,Agree,Neither agree nor disagree,Disagree,Disagree,Neither agree nor disagree,Agree,Neither agree nor disagree,Disagree,Disagree,Neither agree nor disagree,Strongly agree,Strongly disagree,Neither agree nor disagree,Strongly agree,Somewhat agree,Somewhat disagree,Somewhat agree,Somewhat agree,Rarely,Rarely,Rarely,Often,Rarely,Often,Often,Often,Often,Often,Often,Sometimes,Often,Sometimes,Strongly agree,Somewhat unacceptable,Somewhat unacceptable,Somewhat unacceptable,Somewhat acceptable,Completely unacceptable,Completely unacceptable,Somewhat unacceptable,Somewhat unacceptable,Often,Rarely,Sometimes,Often,Often,Sometimes,Often,Sometimes,Agree,Slightly agree,Neither agree nor disagree,Agree,Disagree,Strongly agree,Slightly disagree,Disagree,Strongly disagree,Strongly disagree,Slightly disagree,Slightly agree,Slightly satisfied,Slightly satisfied,Slightly satisfied,Slightly satisfied,Satisfied,Slightly satisfied,Disagree
2025-04-01 14:54:29,2025-04-01 15:07:10,IP Address,100,760,True,2025-04-01 15:07:10,R_5ktheox5x7WD1HT,email,EN,Yes,Yes,Yes,Woman,This does not apply to me,Non-STEM,This year,More than 10 years,,Often,Sometimes,Sometimes,Often,Neither agree nor disagree,Agree,Neither agree nor disagree,Disagree,Neither agree nor disagree,Disagree,Strongly agree,Agree,Strongly agree,Agree,Disagree,Strongly agree,Agree,Strongly agree,Neither agree nor disagree,Disagree,Disagree,Neither agree nor disagree,Somewhat disagree,Somewhat agree,Neither agree nor disagree,Somewhat disagree,Somewhat agree,Somewhat disagree,Somewhat agree,Somewhat agree,Often,Sometimes,Sometimes,Often,Rarely,Always,Always,Sometimes,Often,Often,Rarely,Often,Often,Often,Strongly disagree,Neither acceptable or unacceptable,Somewhat unacceptable,Somewhat unacceptable,Neither acceptable or unacceptable,Somewhat unacceptable,Completely unacceptable,Completely unacceptable,Completely unacceptable,Often,Sometimes,Sometimes,Often,Sometimes,Often,Often,Sometimes,Neither agree nor disagree,Disagree,Neither agree nor disagree,Agree,Slightly agree,Slightly disagree,Strongly agree,Neither agree nor disagree,Disagree,Agree,Neither agree nor disagree,Neither agree nor disagree,Dissatisfied,Dissatisfied,Very dissatisfied,Satisfied,Slightly satisfied,Neither satisfied nor dissatisfied,Agree
2025-04-01 15:20:00,2025-04-01 15:38:34,IP Address,100,1114,True,2025-04-01 15:38:35,R_1r8OmKAbIHn0ZPE,email,EN,Yes,Yes,Yes,Woman,Associate Professor,Non-STEM,This year,More than 10 years,,Rarely,Never,Rarely,Never,Strongly disagree,Strongly disagree,Disagree,Strongly disagree,Agree,Agree,Neither agree nor disagree,Disagree,Disagree,Neither agree nor disagree,Strongly disagree,Agree,Neither agree nor disagree,Agree,Agree,Disagree,Strongly disagree,Agree,Strongly disagree,Strongly agree,Strongly disagree,Strongly disagree,Somewhat agree,Neither agree nor disagree,Somewhat agree,Somewhat disagree,Sometimes,Sometimes,Rarely,Often,Rarely,Sometimes,Rarely,Rarely,Often,Often,Rarely,Always,Always,Always,Strongly agree,Completely acceptable,Completely unacceptable,Completely unacceptable,Neither acceptable or unacceptable,Completely unacceptable,Completely unacceptable,Completely unacceptable,Somewhat acceptable,Always,Always,Often,Often,Often,Often,Often,Always,Agree,Slightly disagree,Slightly disagree,Agree,Disagree,Agree,Slightly agree,Slightly disagree,Strongly disagree,Strongly agree,Slightly disagree,Disagree,Slightly satisfied,Slightly satisfied,Dissatisfied,Neither satisfied nor dissatisfied,Slightly satisfied,Slightly satisfied,Agree
2025-04-01 15:24:47,2025-04-01 15:46:58,IP Address,100,1330,True,2025-04-01 15:46:58,R_7YP6deNdkt6Gjbo,email,EN,Yes,Yes,Yes,Woman,Full Professor,"STEM (science, technology, engineering, mathematics)",This year,More than 10 years,,Rarely,Rarely,Rarely,Rarely,Disagree,Neither agree nor disagree,Neither agree nor disagree,Disagree,Agree,Agree,Neither agree nor disagree,Agree,Neither agree nor disagree,Neither agree nor disagree,Neither agree nor disagree,Agree,Agree,Strongly agree,Strongly agree,Neither agree nor disagree,Strongly disagree,Strongly agree,Strongly disagree,Somewhat agree,Strongly disagree,Strongly disagree,Strongly agree,Somewhat disagree,Strongly agree,Strongly agree,Sometimes,Rarely,Rarely,Often,Rarely,Often,Often,Sometimes,Often,Often,Sometimes,Often,Often,Often,Strongly agree,Completely unacceptable,Completely unacceptable,Somewhat unacceptable,Completely unacceptable,Neither acceptable or unacceptable,Completely unacceptable,Completely unacceptable,Completely unacceptable,Often,Often,Often,Often,Often,Often,Often,Always,Agree,Neither agree nor disagree,Neither agree nor disagree,Agree,Disagree,Agree,Slightly agree,Neither agree nor disagree,Strongly disagree,Strongly disagree,Neither agree nor disagree,Disagree,Very satisfied,Very satisfied,Neither satisfied nor dissatisfied,Very satisfied,Very satisfied,Very satisfied,Agree
2025-04-01 15:49:36,2025-04-01 15:49:50,IP Address,100,13,True,2025-04-01 15:49:50,R_7cnkDyqZ0TfbQYQ,email,EN,Yes,No,,,,,,,,,,,,,,,,,,,,,,,,,,,,,,,,,,,,,,,,,,,,,,,,,,,,,,,,,,,,,,,,,,,,,,,,,,,,,,,,,,,,,,,
2025-04-01 16:39:34,2025-04-01 16:48:43,IP Address,100,548,True,2025-04-01 16:48:43,R_6DHyq07EHcM7SYF,email,EN,Yes,Yes,Yes,Man,Full Professor,"STEM (science, technology, engineering, mathematics)",This year,More than 10 years,,Often,Rarely,Never,Sometimes,Disagree,Strongly agree,Strongly agree,Disagree,Neither agree nor disagree,Disagree,Neither agree nor disagree,Agree,Agree,Neither agree nor disagree,Agree,Disagree,Strongly agree,Strongly agree,Strongly agree,Neither agree nor disagree,Disagree,Strongly agree,Strongly disagree,Strongly agree,Somewhat agree,Strongly disagree,Neither agree nor disagree,Strongly agree,Somewhat agree,Neither agree nor disagree,Always,Always,Always,Never,Rarely,Often,Rarely,Rarely,Always,Always,Rarely,Always,Always,Always,Strongly disagree,Somewhat unacceptable,Completely unacceptable,Completely unacceptable,Completely acceptable,Somewhat acceptable,Completely unacceptable,Completely unacceptable,Somewhat unacceptable,Always,Always,Always,Always,Always,Always,Always,Always,Strongly disagree,Strongly agree,Strongly disagree,Slightly disagree,Strongly agree,Strongly disagree,Strongly agree,Strongly disagree,Neither agree nor disagree,Slightly disagree,Strongly disagree,Slightly agree,Satisfied,Satisfied,Neither satisfied nor dissatisfied,Very satisfied,Very satisfied,Very satisfied,Agree
2025-04-01 17:00:09,2025-04-01 17:17:15,IP Address,100,1026,True,2025-04-01 17:17:15,R_2wLUyOeqVX4kFH3,email,EN,Yes,Yes,Yes,Woman,Associate Professor,Non-STEM,This year,6-10 years,,Rarely,Sometimes,Sometimes,Rarely,Disagree,Strongly agree,Agree,Strongly disagree,Neither agree nor disagree,Agree,Agree,Strongly agree,Strongly agree,Agree,Disagree,Agree,Strongly disagree,Disagree,Agree,Neither agree nor disagree,Strongly disagree,Neither agree nor disagree,Somewhat disagree,Neither agree nor disagree,Somewhat disagree,Somewhat disagree,Somewhat disagree,Strongly agree,Neither agree nor disagree,Somewhat agree,Often,Sometimes,Sometimes,Sometimes,Rarely,Rarely,Rarely,Never,Rarely,Always,Rarely,Often,Always,Often,Strongly agree,Completely unacceptable,Completely unacceptable,Completely unacceptable,Completely unacceptable,Somewhat unacceptable,Completely unacceptable,Completely unacceptable,Completely unacceptable,Always,Often,Sometimes,Often,Often,Always,Often,Often,Strongly disagree,Agree,Disagree,Slightly disagree,Agree,Strongly disagree,Strongly agree,Disagree,Neither agree nor disagree,Neither agree nor disagree,Strongly disagree,Strongly agree,Slightly satisfied,Slightly satisfied,Very dissatisfied,Satisfied,Satisfied,Satisfied,Agree
2025-04-01 17:11:34,2025-04-01 17:20:09,IP Address,100,515,True,2025-04-01 17:20:10,R_10hIO1avQtu9vmp,email,EN,Yes,Yes,Yes,Man,PhD student,"STEM (science, technology, engineering, mathematics)",This year,1-5 years,I don't know/ This does not apply to me/ 0 articles,Sometimes,Rarely,Rarely,Rarely,Disagree,Agree,Disagree,Disagree,Disagree,Agree,Agree,Agree,Agree,Agree,Agree,Agree,Agree,Agree,Agree,Disagree,Disagree,Neither agree nor disagree,Strongly disagree,Strongly agree,Somewhat agree,Strongly disagree,Somewhat agree,Somewhat disagree,Somewhat agree,Somewhat agree,Sometimes,Often,Sometimes,Often,Rarely,Rarely,Rarely,Rarely,Often,Always,Rarely,Always,Often,Often,Strongly disagree,Completely unacceptable,Completely unacceptable,Completely unacceptable,Completely unacceptable,Somewhat unacceptable,Completely unacceptable,Completely unacceptable,Completely unacceptable,Often,Rarely,Often,Often,Sometimes,Often,Always,Always,Strongly agree,Strongly agree,Agree,Slightly agree,Slightly agree,Agree,Slightly disagree,Agree,Disagree,Disagree,Agree,Disagree,Dissatisfied,Dissatisfied,Dissatisfied,Very satisfied,Very satisfied,Very satisfied,Agree
2025-04-01 20:17:00,2025-04-01 20:26:37,IP Address,100,577,True,2025-04-01 20:26:37,R_27KFXKkMvGkW3RQ,email,EN,Yes,Yes,Yes,Woman,Full Professor,Non-STEM,This year,More than 10 years,,Sometimes,Sometimes,Rarely,Sometimes,Disagree,Neither agree nor disagree,Neither agree nor disagree,Agree,Neither agree nor disagree,Disagree,Agree,Agree,Agree,Neither agree nor disagree,Neither agree nor disagree,Agree,Strongly disagree,Agree,Strongly agree,Strongly disagree,Disagree,Strongly agree,Strongly agree,Strongly disagree,Strongly agree,Strongly agree,Somewhat agree,Somewhat disagree,Somewhat agree,Somewhat agree,Sometimes,Sometimes,Sometimes,Sometimes,Rarely,Sometimes,Rarely,Rarely,Rarely,Sometimes,Never,Rarely,Often,Rarely,Strongly disagree,Completely unacceptable,Completely unacceptable,Completely unacceptable,Completely unacceptable,Neither acceptable or unacceptable,Completely unacceptable,Completely unacceptable,Completely unacceptable,Always,Often,Sometimes,Often,Often,Always,Always,Always,Strongly agree,Neither agree nor disagree,Agree,Agree,Disagree,Slightly agree,Strongly agree,Disagree,Disagree,Strongly disagree,Neither agree nor disagree,Disagree,Slightly satisfied,Slightly satisfied,Slightly satisfied,Dissatisfied,Slightly satisfied,Slightly satisfied,Disagree
2025-04-01 21:57:24,2025-04-02 00:21:10,IP Address,100,8625,True,2025-04-02 00:21:11,R_1kHB9wfuBzRzExD,email,EN,Yes,Yes,Yes,Woman,Assistant Professor,Non-STEM,This year,6-10 years,,Often,Sometimes,Rarely,Rarely,Neither agree nor disagree,Disagree,Neither agree nor disagree,Disagree,Agree,Disagree,Agree,Disagree,Disagree,Disagree,Neither agree nor disagree,Neither agree nor disagree,Neither agree nor disagree,Agree,Strongly agree,Disagree,Disagree,Agree,Somewhat disagree,Somewhat agree,Strongly agree,Neither agree nor disagree,Somewhat agree,Somewhat disagree,Somewhat agree,Somewhat agree,Sometimes,Often,Often,Sometimes,Rarely,Sometimes,Sometimes,Sometimes,Often,Often,Sometimes,Often,Always,Often,Strongly agree,Neither acceptable or unacceptable,Completely unacceptable,Completely unacceptable,Somewhat unacceptable,Completely acceptable,Completely unacceptable,Somewhat acceptable,Somewhat acceptable,Always,Always,Often,Always,Always,Always,Often,Often,Agree,Agree,Neither agree nor disagree,Strongly agree,Strongly disagree,Neither agree nor disagree,Agree,Neither agree nor disagree,Disagree,Disagree,Agree,Disagree,Slightly satisfied,Slightly satisfied,Slightly dissatisfied,Slightly satisfied,Slightly satisfied,Slightly satisfied,Agree
2025-04-01 23:41:35,2025-04-02 01:08:45,IP Address,100,5230,True,2025-04-02 01:08:46,R_9LFg5k1kwXRD1wl,email,EN,Yes,Yes,Yes,Man,PhD student,"STEM (science, technology, engineering, mathematics)",This year,1-5 years,I don't know/ This does not apply to me/ 0 articles,Sometimes,Never,Never,Sometimes,Neither agree nor disagree,Disagree,Disagree,Strongly disagree,Agree,Agree,Neither agree nor disagree,Agree,Agree,Agree,Agree,Neither agree nor disagree,Strongly agree,Agree,Agree,Disagree,Disagree,Agree,Neither agree nor disagree,Neither agree nor disagree,Neither agree nor disagree,Neither agree nor disagree,Strongly agree,Somewhat disagree,Strongly agree,Strongly agree,Often,Rarely,Sometimes,Often,Rarely,Always,Always,Sometimes,Often,Often,Often,Always,Always,Always,Strongly agree,Somewhat unacceptable,Completely unacceptable,Completely unacceptable,Completely unacceptable,Completely acceptable,Neither acceptable or unacceptable,Completely unacceptable,Completely acceptable,Always,Often,Often,Always,Sometimes,Always,Often,Sometimes,Slightly disagree,Slightly disagree,Neither agree nor disagree,Agree,Neither agree nor disagree,Slightly agree,Slightly agree,Slightly disagree,Disagree,Disagree,Slightly agree,Strongly disagree,Slightly dissatisfied,Slightly dissatisfied,Slightly dissatisfied,Slightly satisfied,Slightly satisfied,Slightly satisfied,Agree
2025-04-02 10:46:14,2025-04-02 10:55:59,IP Address,100,584,True,2025-04-02 10:55:59,R_7duaXIpptd2aiDG,email,EN,Yes,Yes,Yes,Woman,Full Professor,"STEM (science, technology, engineering, mathematics)",This year,1-5 years,,Sometimes,Rarely,Rarely,Rarely,Neither agree nor disagree,Strongly agree,Agree,Neither agree nor disagree,Agree,Neither agree nor disagree,Agree,Agree,Agree,Strongly agree,Agree,Agree,Agree,Agree,Neither agree nor disagree,Neither agree nor disagree,Disagree,Disagree,Strongly disagree,Somewhat agree,Somewhat disagree,Somewhat disagree,Neither agree nor disagree,Neither agree nor disagree,Somewhat agree,Somewhat agree,Sometimes,Sometimes,Rarely,Often,Rarely,Often,Often,Often,Sometimes,Sometimes,Sometimes,Always,Always,Always,Strongly agree,Completely unacceptable,Completely unacceptable,Completely unacceptable,Somewhat unacceptable,Completely unacceptable,Completely unacceptable,Completely unacceptable,Completely unacceptable,Sometimes,Sometimes,Rarely,Sometimes,Often,Often,Often,Often,Agree,Slightly disagree,Slightly disagree,Agree,Slightly agree,Agree,Slightly disagree,Disagree,Strongly disagree,Strongly disagree,Strongly disagree,Strongly disagree,Slightly dissatisfied,Slightly dissatisfied,Dissatisfied,Slightly dissatisfied,Neither satisfied nor dissatisfied,Neither satisfied nor dissatisfied,Agree
2025-04-02 10:54:11,2025-04-02 11:21:02,IP Address,100,1611,True,2025-04-02 11:21:03,R_3yj7Q5AaMpqsEDH,email,EN,Yes,Yes,Yes,Woman,Associate Professor,"STEM (science, technology, engineering, mathematics)",In the last 5 years,More than 10 years,,Always,Often,Often,Sometimes,Strongly agree,Strongly agree,Strongly agree,Agree,Disagree,Strongly disagree,Strongly agree,Strongly agree,Strongly agree,Strongly agree,Strongly disagree,Strongly agree,Disagree,Disagree,Strongly disagree,Strongly agree,Agree,Strongly agree,Strongly disagree,Strongly agree,Strongly disagree,Strongly disagree,Strongly disagree,Strongly agree,Strongly disagree,Strongly disagree,Sometimes,Sometimes,Sometimes,Sometimes,Rarely,Never,Never,Never,Never,Never,Never,Always,Always,Sometimes,Strongly disagree,Completely unacceptable,Completely unacceptable,Somewhat acceptable,Somewhat acceptable,Somewhat acceptable,Completely unacceptable,Neither acceptable or unacceptable,Completely unacceptable,Sometimes,Always,Never,Never,Sometimes,Rarely,Always,Always,Agree,Disagree,Disagree,Agree,Slightly agree,Slightly agree,Agree,Disagree,Disagree,Disagree,Slightly disagree,Slightly agree,Satisfied,Satisfied,Very dissatisfied,Dissatisfied,Very satisfied,Very satisfied,Agree
2025-04-02 12:28:32,2025-04-02 12:29:11,IP Address,100,39,True,2025-04-02 12:29:12,R_8opx57DhxKBivT3,email,EN,Yes,No,,,,,,,,,,,,,,,,,,,,,,,,,,,,,,,,,,,,,,,,,,,,,,,,,,,,,,,,,,,,,,,,,,,,,,,,,,,,,,,,,,,,,,,
2025-04-03 11:42:24,2025-04-03 11:42:54,IP Address,100,30,True,2025-04-03 11:42:55,R_1YDqrxxEPl0rdS1,email,EN,Yes,No,,,,,,,,,,,,,,,,,,,,,,,,,,,,,,,,,,,,,,,,,,,,,,,,,,,,,,,,,,,,,,,,,,,,,,,,,,,,,,,,,,,,,,,
2025-04-03 11:43:04,2025-04-03 11:52:01,IP Address,100,537,True,2025-04-03 11:52:01,R_3rqLHB947SrpPe7,email,EN,Yes,Yes,Yes,Woman,Assistant Professor,"STEM (science, technology, engineering, mathematics)",In the last year,More than 10 years,,Sometimes,Rarely,Rarely,Sometimes,Neither agree nor disagree,Agree,Strongly agree,Neither agree nor disagree,Disagree,Neither agree nor disagree,Agree,Agree,Agree,Agree,Neither agree nor disagree,Agree,Neither agree nor disagree,Agree,Agree,Disagree,Neither agree nor disagree,Neither agree nor disagree,Somewhat disagree,Neither agree nor disagree,Somewhat agree,Somewhat disagree,Somewhat agree,Neither agree nor disagree,Somewhat agree,Somewhat agree,Often,Rarely,Often,Often,Rarely,Sometimes,Sometimes,Rarely,Often,Often,Often,Always,Always,Always,Strongly agree,Completely unacceptable,Completely unacceptable,Somewhat unacceptable,Completely unacceptable,Somewhat unacceptable,Completely unacceptable,Somewhat unacceptable,Completely unacceptable,Often,Sometimes,Sometimes,Often,Sometimes,Often,Often,Sometimes,Slightly disagree,Agree,Slightly agree,Neither agree nor disagree,Neither agree nor disagree,Slightly disagree,Agree,Slightly agree,Slightly agree,Slightly agree,Neither agree nor disagree,Slightly disagree,Neither satisfied nor dissatisfied,Neither satisfied nor dissatisfied,Slightly dissatisfied,Neither satisfied nor dissatisfied,Slightly satisfied,Neither satisfied nor dissatisfied,Agree
2025-04-03 13:59:30,2025-04-03 14:14:32,IP Address,100,901,True,2025-04-03 14:14:32,R_7YziWSgQvKU1BdL,email,EN,Yes,Yes,Yes,Man,Assistant Professor,"STEM (science, technology, engineering, mathematics)",This year,1-5 years,,Sometimes,Sometimes,Sometimes,Sometimes,Neither agree nor disagree,Agree,Strongly agree,Neither agree nor disagree,Neither agree nor disagree,Disagree,Agree,Strongly agree,Strongly agree,Strongly agree,Strongly disagree,Strongly agree,Agree,Agree,Disagree,Neither agree nor disagree,Agree,Disagree,Somewhat disagree,Somewhat agree,Somewhat agree,Somewhat agree,Strongly disagree,Strongly agree,Somewhat agree,Somewhat disagree,Sometimes,Sometimes,Sometimes,Sometimes,Rarely,Sometimes,Sometimes,Sometimes,Sometimes,Sometimes,Sometimes,Sometimes,Often,Sometimes,Strongly agree,Completely unacceptable,Completely unacceptable,Completely unacceptable,Completely acceptable,Somewhat acceptable,Somewhat unacceptable,Completely unacceptable,Somewhat unacceptable,Often,Sometimes,Often,Sometimes,Often,Sometimes,Often,Often,Neither agree nor disagree,Neither agree nor disagree,Neither agree nor disagree,Slightly agree,Neither agree nor disagree,Neither agree nor disagree,Neither agree nor disagree,Neither agree nor disagree,Neither agree nor disagree,Neither agree nor disagree,Neither agree nor disagree,Neither agree nor disagree,Slightly dissatisfied,Slightly dissatisfied,Dissatisfied,Dissatisfied,Satisfied,Slightly satisfied,Agree
2025-04-03 09:19:42,2025-04-03 14:26:53,IP Address,100,18430,True,2025-04-03 14:26:53,R_5rZ8iMfNXOSKwLY,anonymous,EN,Yes,Yes,Yes,Woman,Associate Professor,Non-STEM,In the last year,More than 10 years,,Rarely,Never,Rarely,Rarely,Neither agree nor disagree,Strongly agree,Agree,Strongly disagree,Disagree,Disagree,Strongly disagree,Neither agree nor disagree,Agree,Agree,Strongly agree,Agree,Strongly agree,Agree,Strongly agree,Disagree,Strongly disagree,Disagree,Strongly disagree,Strongly agree,Strongly agree,Strongly disagree,Strongly agree,Somewhat disagree,Somewhat agree,Somewhat agree,Sometimes,Rarely,Sometimes,Sometimes,Rarely,Often,Rarely,Rarely,Often,Often,Rarely,Often,Always,Often,Strongly agree,Completely unacceptable,Neither acceptable or unacceptable,Somewhat unacceptable,Completely unacceptable,Neither acceptable or unacceptable,Completely unacceptable,Completely unacceptable,Neither acceptable or unacceptable,Often,Sometimes,Sometimes,Always,Often,Often,Always,Always,Agree,Disagree,Strongly disagree,Neither agree nor disagree,Strongly disagree,Agree,Agree,Strongly agree,Strongly disagree,Strongly disagree,Agree,Strongly disagree,Satisfied,Satisfied,Satisfied,Satisfied,Slightly satisfied,Satisfied,Agree
2025-04-03 16:04:08,2025-04-03 16:12:23,IP Address,100,495,True,2025-04-03 16:12:24,R_7QLm6GTr0aDRWII,email,EN,Yes,Yes,Yes,Woman,Associate Professor,"STEM (science, technology, engineering, mathematics)",In the last year,More than 10 years,,Often,Often,Sometimes,Often,Agree,Agree,Strongly agree,Agree,Disagree,Disagree,Neither agree nor disagree,Agree,Agree,Neither agree nor disagree,Disagree,Neither agree nor disagree,Agree,Neither agree nor disagree,Agree,Disagree,Agree,Disagree,Strongly disagree,Strongly disagree,Strongly disagree,Strongly disagree,Strongly disagree,Strongly agree,Strongly disagree,Strongly disagree,Often,Often,Often,Rarely,Rarely,Often,Often,Rarely,Never,Never,Never,Often,Often,Often,Strongly agree,Somewhat unacceptable,Completely unacceptable,Completely unacceptable,Somewhat acceptable,Completely acceptable,Completely unacceptable,Somewhat unacceptable,Completely unacceptable,Sometimes,Sometimes,Sometimes,Sometimes,Often,Often,Sometimes,Sometimes,Slightly agree,Agree,Agree,Neither agree nor disagree,Neither agree nor disagree,Neither agree nor disagree,Slightly agree,Slightly agree,Slightly disagree,Disagree,Agree,Disagree,Dissatisfied,Dissatisfied,Slightly dissatisfied,Slightly dissatisfied,Slightly satisfied,Slightly satisfied,Disagree
2025-04-03 16:53:23,2025-04-03 16:53:54,IP Address,100,30,True,2025-04-03 16:53:54,R_6nJEnvytfcbSkPD,email,EN,Yes,Yes,No,,,,,,,,,,,,,,,,,,,,,,,,,,,,,,,,,,,,,,,,,,,,,,,,,,,,,,,,,,,,,,,,,,,,,,,,,,,,,,,,,,,,,,
2025-04-03 16:53:59,2025-04-03 16:54:13,IP Address,100,14,True,2025-04-03 16:54:13,R_7W1R8nt1QHRbYHv,email,EN,Yes,No,,,,,,,,,,,,,,,,,,,,,,,,,,,,,,,,,,,,,,,,,,,,,,,,,,,,,,,,,,,,,,,,,,,,,,,,,,,,,,,,,,,,,,,
2025-04-03 16:46:51,2025-04-03 16:59:17,IP Address,100,746,True,2025-04-03 16:59:18,R_2CthaOO4YFLiT61,email,EN,Yes,Yes,Yes,Man,Associate Professor,"STEM (science, technology, engineering, mathematics)",This year,More than 10 years,,Sometimes,Rarely,Never,Sometimes,Strongly disagree,Agree,Agree,Disagree,Agree,Agree,Disagree,Agree,Agree,Neither agree nor disagree,Neither agree nor disagree,Agree,Strongly agree,Strongly agree,Strongly agree,Strongly disagree,Strongly disagree,Strongly agree,Strongly disagree,Strongly agree,Strongly disagree,Strongly disagree,Strongly agree,Strongly agree,Strongly agree,Strongly agree,Sometimes,Often,Sometimes,Never,Rarely,Sometimes,Sometimes,Never,Often,Always,Sometimes,Often,Often,Often,Strongly agree,Completely unacceptable,Completely unacceptable,Neither acceptable or unacceptable,Somewhat acceptable,Neither acceptable or unacceptable,Completely unacceptable,Somewhat acceptable,Somewhat acceptable,Always,Often,Sometimes,Often,Often,Always,Always,Always,Slightly agree,Slightly agree,Slightly agree,Agree,Agree,Slightly disagree,Agree,Neither agree nor disagree,Disagree,Disagree,Neither agree nor disagree,Neither agree nor disagree,Satisfied,Satisfied,Satisfied,Slightly satisfied,Satisfied,Satisfied,Agree
2025-04-03 16:48:59,2025-04-03 17:01:02,IP Address,100,722,True,2025-04-03 17:01:02,R_8WxoXeUrerWC5Xc,email,EN,Yes,Yes,Yes,Man,Post Doc,"STEM (science, technology, engineering, mathematics)",This year,More than 10 years,,Sometimes,Sometimes,Rarely,Sometimes,Agree,Agree,Strongly agree,Agree,Disagree,Agree,Neither agree nor disagree,Agree,Agree,Strongly agree,Neither agree nor disagree,Agree,Strongly agree,Strongly agree,Neither agree nor disagree,Neither agree nor disagree,Agree,Agree,Somewhat agree,Somewhat disagree,Strongly agree,Somewhat agree,Somewhat disagree,Somewhat agree,Somewhat disagree,Somewhat disagree,Often,Sometimes,Sometimes,Sometimes,Rarely,Often,Often,Often,Often,Often,Often,Sometimes,Often,Sometimes,Strongly agree,Completely unacceptable,Completely unacceptable,Completely unacceptable,Neither acceptable or unacceptable,Somewhat acceptable,Completely unacceptable,Completely unacceptable,Completely unacceptable,Sometimes,Often,Sometimes,Sometimes,Sometimes,Often,Sometimes,Sometimes,Slightly disagree,Slightly agree,Disagree,Neither agree nor disagree,Agree,Slightly agree,Neither agree nor disagree,Agree,Disagree,Slightly agree,Neither agree nor disagree,Neither agree nor disagree,Slightly satisfied,Slightly satisfied,Dissatisfied,Dissatisfied,Slightly satisfied,Slightly satisfied,Agree
2025-04-03 16:59:26,2025-04-03 17:01:45,IP Address,100,138,True,2025-04-03 17:01:46,R_1OkQ8dpPtgDu04o,anonymous,EN,Yes,Yes,Yes,Prefer not to say,Full Professor,"STEM (science, technology, engineering, mathematics)",This year,More than 10 years,,Never,Never,Never,Never,,,,,,,,,,,,,,,,,,,,,,,Strongly disagree,Strongly disagree,Strongly disagree,Strongly disagree,Never,Never,Never,Never,Never,Never,Never,Never,Never,Never,Never,Never,Never,Never,Strongly agree,Completely unacceptable,Completely unacceptable,Completely unacceptable,Completely unacceptable,Completely unacceptable,Completely unacceptable,Completely unacceptable,Completely unacceptable,Never,Rarely,Sometimes,Often,Always,Often,Never,Never,Strongly disagree,Strongly disagree,Strongly disagree,Strongly disagree,Strongly disagree,Strongly disagree,Strongly disagree,Strongly disagree,Strongly disagree,Strongly disagree,Strongly disagree,Strongly disagree,Dissatisfied,Dissatisfied,Dissatisfied,Dissatisfied,Dissatisfied,Dissatisfied,Agree
2025-04-03 16:50:24,2025-04-03 17:02:17,IP Address,100,712,True,2025-04-03 17:02:17,R_5yqIkOrESMCE1km,email,EN,Yes,Yes,Yes,Man,Full Professor,"STEM (science, technology, engineering, mathematics)",This year,More than 10 years,,Rarely,Never,Rarely,Rarely,Strongly disagree,Disagree,Disagree,Strongly disagree,Strongly agree,Strongly agree,Neither agree nor disagree,Neither agree nor disagree,Agree,Disagree,Strongly agree,Agree,Strongly agree,Strongly agree,Strongly agree,Disagree,Disagree,Strongly agree,Strongly disagree,Strongly agree,Strongly disagree,Strongly disagree,Strongly agree,Somewhat disagree,Somewhat agree,Strongly agree,Sometimes,Often,Sometimes,Often,Rarely,Always,Always,Sometimes,Always,Often,Often,Always,Always,Always,Strongly agree,Completely unacceptable,Completely unacceptable,Neither acceptable or unacceptable,Completely acceptable,Somewhat unacceptable,Somewhat unacceptable,Completely unacceptable,Completely unacceptable,Always,Always,Often,Always,Often,Always,Always,Often,Slightly agree,Disagree,Agree,Slightly agree,Agree,Disagree,Agree,Disagree,Strongly disagree,Strongly disagree,Agree,Strongly disagree,Very satisfied,Very satisfied,Dissatisfied,Satisfied,Satisfied,Satisfied,Agree
2025-04-03 16:56:58,2025-04-03 17:10:23,IP Address,100,805,True,2025-04-03 17:10:24,R_9woAFejYFztUxzw,email,EN,Yes,Yes,Yes,Man,Full Professor,Non-STEM,This year,More than 10 years,,Sometimes,Rarely,Rarely,Rarely,Agree,Agree,Strongly agree,Agree,Disagree,Agree,Strongly agree,Strongly agree,Agree,Agree,Strongly agree,Agree,Disagree,Disagree,Strongly disagree,Agree,Agree,Neither agree nor disagree,Strongly disagree,Somewhat agree,Somewhat disagree,Strongly disagree,Neither agree nor disagree,Somewhat agree,Somewhat agree,Somewhat agree,Often,Rarely,Often,Rarely,Rarely,Rarely,Never,Never,Rarely,Rarely,Rarely,Often,Often,Always,Strongly agree,Somewhat acceptable,Somewhat acceptable,Somewhat unacceptable,Completely unacceptable,Somewhat acceptable,Somewhat acceptable,Somewhat acceptable,Completely unacceptable,Never,Rarely,Sometimes,Sometimes,Rarely,Rarely,Always,Always,Slightly agree,Agree,Strongly agree,Agree,Disagree,Slightly agree,,Slightly agree,Disagree,Disagree,Slightly disagree,Agree,Dissatisfied,Dissatisfied,Dissatisfied,Dissatisfied,Satisfied,Satisfied,Agree
2025-04-03 17:06:04,2025-04-03 17:13:25,IP Address,100,441,True,2025-04-03 17:13:26,R_7dihhN2kAJ97w7R,email,EN,Yes,Yes,Yes,Woman,Full Professor,Non-STEM,In the last year,More than 10 years,,Sometimes,Rarely,Rarely,Sometimes,Disagree,Agree,Agree,Neither agree nor disagree,Agree,Disagree,Neither agree nor disagree,Neither agree nor disagree,Neither agree nor disagree,Disagree,Neither agree nor disagree,Disagree,Agree,Strongly agree,Strongly agree,Disagree,Strongly disagree,Agree,Strongly disagree,Strongly agree,Somewhat disagree,Strongly disagree,Somewhat disagree,Somewhat agree,Somewhat disagree,Somewhat disagree,Often,Always,Often,Rarely,Rarely,Always,Often,Often,Often,Always,Sometimes,Always,Always,Always,Strongly agree,Completely unacceptable,Completely unacceptable,Completely unacceptable,Completely unacceptable,Somewhat unacceptable,Completely unacceptable,Completely unacceptable,Completely unacceptable,Often,Often,Sometimes,Often,Often,Often,Often,Often,Slightly disagree,Agree,Slightly disagree,Neither agree nor disagree,Slightly agree,Disagree,Strongly agree,Slightly agree,Slightly disagree,Slightly agree,Slightly agree,Neither agree nor disagree,Satisfied,Satisfied,Neither satisfied nor dissatisfied,Satisfied,Neither satisfied nor dissatisfied,Neither satisfied nor dissatisfied,Agree
2025-04-03 16:47:39,2025-04-03 17:23:26,IP Address,100,2146,True,2025-04-03 17:23:26,R_2inevPNWMCeUzr4,email,EN,Yes,Yes,Yes,Man,This does not apply to me,"STEM (science, technology, engineering, mathematics)",This year,6-10 years,,Often,Rarely,Sometimes,Often,Disagree,Strongly agree,Strongly agree,Agree,Disagree,Disagree,Neither agree nor disagree,Strongly agree,Strongly agree,Strongly agree,Strongly disagree,Strongly agree,Agree,Agree,Agree,Disagree,Agree,Neither agree nor disagree,Neither agree nor disagree,Somewhat disagree,Somewhat agree,Somewhat agree,Strongly disagree,Somewhat agree,Strongly disagree,Strongly disagree,Sometimes,Often,Often,Rarely,Rarely,Often,Sometimes,Often,Sometimes,Often,Sometimes,Often,Often,Often,Strongly agree,Completely unacceptable,Completely unacceptable,Completely unacceptable,Neither acceptable or unacceptable,Somewhat unacceptable,Somewhat unacceptable,Completely unacceptable,Completely unacceptable,Often,Often,Sometimes,Often,Rarely,Often,Often,Often,Agree,Slightly agree,Neither agree nor disagree,Agree,Disagree,Slightly agree,Slightly agree,Slightly disagree,Disagree,Disagree,Agree,Disagree,Satisfied,Satisfied,Satisfied,Slightly satisfied,Slightly satisfied,Slightly satisfied,Agree
2025-04-03 16:51:41,2025-04-03 17:28:47,IP Address,100,2226,True,2025-04-03 17:28:48,R_5meMEwhfd9SMpbB,email,EN,Yes,Yes,Yes,Woman,Associate Professor,"STEM (science, technology, engineering, mathematics)",This year,More than 10 years,,Often,Sometimes,Sometimes,Rarely,Neither agree nor disagree,Agree,Agree,Neither agree nor disagree,Neither agree nor disagree,Strongly disagree,Agree,Neither agree nor disagree,Agree,Agree,Agree,Neither agree nor disagree,Neither agree nor disagree,Neither agree nor disagree,Agree,Disagree,Neither agree nor disagree,Neither agree nor disagree,Strongly disagree,Somewhat agree,Somewhat disagree,Strongly disagree,Somewhat agree,Somewhat agree,Somewhat disagree,Somewhat disagree,Sometimes,Often,Sometimes,Sometimes,Rarely,Rarely,Never,Never,Rarely,Rarely,Never,Sometimes,Often,Sometimes,Strongly agree,Completely unacceptable,Neither acceptable or unacceptable,Neither acceptable or unacceptable,Neither acceptable or unacceptable,Somewhat acceptable,Neither acceptable or unacceptable,Completely unacceptable,Somewhat unacceptable,Often,Rarely,Often,Often,Sometimes,Often,Often,Sometimes,Slightly agree,Disagree,Neither agree nor disagree,Slightly agree,Slightly disagree,Slightly agree,Neither agree nor disagree,Slightly agree,Disagree,Disagree,Agree,Disagree,Slightly satisfied,Neither satisfied nor dissatisfied,Dissatisfied,Neither satisfied nor dissatisfied,Slightly satisfied,Slightly satisfied,Disagree
2025-04-03 17:21:44,2025-04-03 17:32:09,IP Address,100,625,True,2025-04-03 17:32:10,R_7EWr3kI8nAaj3SP,email,EN,Yes,Yes,Yes,Man,Associate Professor,"STEM (science, technology, engineering, mathematics)",This year,More than 10 years,,Sometimes,Rarely,Rarely,Sometimes,Disagree,Neither agree nor disagree,Agree,Disagree,Agree,Strongly agree,Disagree,Neither agree nor disagree,Neither agree nor disagree,Neither agree nor disagree,Neither agree nor disagree,Agree,Strongly agree,Strongly agree,Strongly agree,Strongly disagree,Strongly disagree,Neither agree nor disagree,Strongly disagree,Strongly agree,Neither agree nor disagree,Strongly disagree,Somewhat agree,Neither agree nor disagree,Somewhat agree,Somewhat agree,Sometimes,Sometimes,Sometimes,Sometimes,Rarely,Sometimes,Rarely,Rarely,Often,Always,Often,Always,Always,Always,Strongly disagree,Somewhat unacceptable,Completely unacceptable,Completely unacceptable,Somewhat acceptable,Completely unacceptable,Completely unacceptable,Completely unacceptable,Somewhat unacceptable,Always,Often,Sometimes,Often,Sometimes,Always,Often,Often,Agree,Slightly agree,Disagree,Neither agree nor disagree,Disagree,Agree,Agree,Agree,Strongly disagree,Strongly disagree,Neither agree nor disagree,Disagree,Dissatisfied,Dissatisfied,Dissatisfied,Satisfied,Satisfied,Satisfied,Agree
2025-04-03 17:29:56,2025-04-03 17:34:48,IP Address,100,292,True,2025-04-03 17:34:49,R_5HLVufCyjbxVVI4,email,EN,Yes,Yes,Yes,Man,Full Professor,Non-STEM,This year,More than 10 years,,Often,Often,Often,Often,Disagree,Agree,Strongly agree,Strongly agree,Disagree,Strongly disagree,Strongly agree,Strongly agree,Strongly agree,Strongly agree,Neither agree nor disagree,Agree,Agree,Agree,Agree,Disagree,Disagree,Disagree,Somewhat disagree,Neither agree nor disagree,Neither agree nor disagree,Somewhat disagree,Neither agree nor disagree,Somewhat agree,Neither agree nor disagree,Neither agree nor disagree,Always,Always,Often,Never,Rarely,Never,Never,Never,Often,Rarely,Never,Always,Always,Always,Strongly agree,Completely unacceptable,Completely unacceptable,Completely unacceptable,Neither acceptable or unacceptable,Completely unacceptable,Completely unacceptable,Neither acceptable or unacceptable,Somewhat unacceptable,Often,Always,Sometimes,Often,Often,Always,Often,Rarely,Strongly disagree,Agree,Disagree,Strongly disagree,Agree,Strongly disagree,Strongly agree,Disagree,Agree,Strongly agree,Disagree,Neither agree nor disagree,Satisfied,Satisfied,Slightly satisfied,Slightly satisfied,Neither satisfied nor dissatisfied,Neither satisfied nor dissatisfied,Agree
